banco,comercio,direccion,comuna,lat,lon,logo,dias,monto,tope,vigencia,sitio_web,categoria,url,tarjeta,condiciones
BancoEstado,Bar Porfirio,Manuel Montt 697,Providencia,,,https://www.bancoestado.cl/content/dam/bancoestado-public/todo-suma/sabores/cabeceras/porfirio.png,lunes;martes;miercoles;jueves;viernes;sabado;domingo,50% dto.,40000,2026-12-31,https://www.instagram.com/barporfirio/,,https://www.bancoestado.cl/content/bancoestado-public/cl/es/home/home/todosuma---bancoestado-personas/un-mes-de-sabores---bancoestado-personas.html,Tarjeta de Crédito Visa BancoEstado,Válido con tus Tarjetas de Crédito Visa BancoEstado. Tope $40.000. Válido desde 01 de agosto al 31 de diciembre 2026.
BancoEstado,Psiquis Bar,General Flores 51,Providencia,,,https://www.bancoestado.cl/content/dam/bancoestado-public/todo-suma/sabores/cabeceras/psiquis.png,lunes;martes;miercoles;jueves;viernes;sabado;domingo,50% dto.,40000,2026-12-31,https://www.instagram.com/psiquis.bar/,,https://www.bancoestado.cl/content/bancoestado-public/cl/es/home/home/todosuma---bancoestado-personas/un-mes-de-sabores---bancoestado-personas.html,Tarjeta de Crédito Visa BancoEstado,Válido con tus Tarjetas de Crédito Visa BancoEstado. Tope $40.000. Válido desde 01 de agosto al 31 de diciembre 2026.
BancoEstado,Londres 45,Londres 45,Santiago,,,https://www.bancoestado.cl/content/dam/bancoestado-public/todo-suma/sabores/cabeceras/londres_45.png,lunes;martes;miercoles;jueves;viernes;sabado;domingo,50% dto.,40000,2026-12-31,https://www.instagram.com/londres45bistrobar/,,https://www.bancoestado.cl/content/bancoestado-public/cl/es/home/home/todosuma---bancoestado-personas/un-mes-de-sabores---bancoestado-personas.html,Tarjeta de Crédito Visa BancoEstado,Sólo con las Tarjetas de Crédito Visa BancoEstado. Tope $40.000. Válido desde 01 de agosto al 31 de diciembre 2026.
BancoEstado,El Valenciano,Mall Parque Arauco,Las Condes,,,https://www.bancoestado.cl/content/dam/bancoestado-public/todo-suma/sabores/cabeceras/valenciano.png,lunes;martes;miercoles,50% dto.,40000,2026-12-31,https://www.instagram.com/elvalenciano_es,,https://www.bancoestado.cl/content/bancoestado-public/cl/es/home/home/todosuma---bancoestado-personas/un-mes-de-sabores---bancoestado-personas.html,Tarjeta de Crédito Visa BancoEstado,Sólo con las Tarjetas de Crédito Visa BancoEstado. Tope $40.000. Válido desde 01 de agosto al 31 de diciembre 2026.
BancoEstado,El Valenciano,Mallplaza Vespucio,La Florida,,,https://www.bancoestado.cl/content/dam/bancoestado-public/todo-suma/sabores/cabeceras/valenciano.png,lunes;martes;miercoles;jueves;viernes;sabado;domingo,50% dto.,40000,2026-12-31,https://www.instagram.com/elvalenciano_es,,https://www.bancoestado.cl/content/bancoestado-public/cl/es/home/home/todosuma---bancoestado-personas/un-mes-de-sabores---bancoestado-personas.html,Tarjeta de Crédito Visa BancoEstado,Sólo con las Tarjetas de Crédito Visa BancoEstado. Tope $40.000. Válido desde 01 de agosto al 31 de diciembre 2026.
BancoEstado,Chicken International,Av. Apoquindo 2730,Las Condes,,,https://www.bancoestado.cl/content/dam/bancoestado-public/todo-suma/sabores/cabeceras/chicken-inter.png,lunes;martes,50% dto.,40000,2026-12-31,https://www.instagram.com/chicken.international/?hl=es,,https://www.bancoestado.cl/content/bancoestado-public/cl/es/home/home/todosuma---bancoestado-personas/un-mes-de-sabores---bancoestado-personas.html,Tarjeta de Crédito Visa BancoEstado,Sólo con las Tarjetas de Crédito Visa BancoEstado. Tope $40.000. Válido desde 01 de agosto al 31 de diciembre 2026.
BancoEstado,Buffalo Wafles,Merced 315,Santiago,,,https://www.bancoestado.cl/content/dam/bancoestado-public/todo-suma/sabores/cabeceras/buffalo.png,lunes;martes;miercoles;jueves;viernes;sabado;domingo,40% dto.,9000,2026-10-31,https://www.instagram.com/buffalowaffles,,https://www.bancoestado.cl/content/bancoestado-public/cl/es/home/home/todosuma---bancoestado-personas/un-mes-de-sabores---bancoestado-personas.html,Tarjeta de Crédito Visa BancoEstado,Válido con tus Tarjetas de Crédito Visa BancoEstado. Tope $9.000. Válido desde 01 de septiembre al 31 de octubre 2026.
BancoEstado,Buffalo Wafles,"Jose Miguel Carrera 6150, Espacio Urbano Gran Avenida, Patio de Comida (Módulo 16)",San Miguel,,,https://www.bancoestado.cl/content/dam/bancoestado-public/todo-suma/sabores/cabeceras/buffalo.png,lunes;martes;miercoles;jueves;viernes;sabado;domingo,40% dto.,9000,2026-10-31,https://www.instagram.com/buffalowaffles,,https://www.bancoestado.cl/content/bancoestado-public/cl/es/home/home/todosuma---bancoestado-personas/un-mes-de-sabores---bancoestado-personas.html,Tarjeta de Crédito Visa BancoEstado,Válido con tus Tarjetas de Crédito Visa BancoEstado. Tope $9.000. Válido desde 01 de septiembre al 31 de octubre 2026.
BancoEstado,Buffalo Wafles,Av. Providencia 1321,Providencia,,,https://www.bancoestado.cl/content/dam/bancoestado-public/todo-suma/sabores/cabeceras/buffalo.png,lunes;martes;miercoles;jueves;viernes;sabado;domingo,40% dto.,9000,2026-10-31,https://www.instagram.com/buffalowaffles,,https://www.bancoestado.cl/content/bancoestado-public/cl/es/home/home/todosuma---bancoestado-personas/un-mes-de-sabores---bancoestado-personas.html,Tarjeta de Crédito Visa BancoEstado,Válido con tus Tarjetas de Crédito Visa BancoEstado. Tope $9.000. Válido desde 01 de septiembre al 31 de octubre 2026.
BancoEstado,Buffalo Wafles,"Av. Américo Vespucio 1737, Mallplaza Norte (MP-1610)",Huechuraba,,,https://www.bancoestado.cl/content/dam/bancoestado-public/todo-suma/sabores/cabeceras/buffalo.png,lunes;martes;miercoles;jueves;viernes;sabado;domingo,40% dto.,9000,2026-10-31,https://www.instagram.com/buffalowaffles,,https://www.bancoestado.cl/content/bancoestado-public/cl/es/home/home/todosuma---bancoestado-personas/un-mes-de-sabores---bancoestado-personas.html,Tarjeta de Crédito Visa BancoEstado,Válido con tus Tarjetas de Crédito Visa BancoEstado. Tope $9.000. Válido desde 01 de septiembre al 31 de octubre 2026.
BancoEstado,Buffalo Wafles,Av. Pedro de Valdivia 2060-2062,Providencia,,,https://www.bancoestado.cl/content/dam/bancoestado-public/todo-suma/sabores/cabeceras/buffalo.png,lunes;martes;miercoles;jueves;viernes;sabado;domingo,40% dto.,9000,2026-10-31,https://www.instagram.com/buffalowaffles,,https://www.bancoestado.cl/content/bancoestado-public/cl/es/home/home/todosuma---bancoestado-personas/un-mes-de-sabores---bancoestado-personas.html,Tarjeta de Crédito Visa BancoEstado,Válido con tus Tarjetas de Crédito Visa BancoEstado. Tope $9.000. Válido desde 01 de septiembre al 31 de octubre 2026.
BancoEstado,Buffalo Wafles,"Av. Américo Vespucio 33, Centro Comercial Intermodal la Cisterna Nivel S1 (Espacio M-104)",La Cisterna,,,https://www.bancoestado.cl/content/dam/bancoestado-public/todo-suma/sabores/cabeceras/buffalo.png,lunes;martes;miercoles;jueves;viernes;sabado;domingo,40% dto.,9000,2026-10-31,https://www.instagram.com/buffalowaffles,,https://www.bancoestado.cl/content/bancoestado-public/cl/es/home/home/todosuma---bancoestado-personas/un-mes-de-sabores---bancoestado-personas.html,Tarjeta de Crédito Visa BancoEstado,Válido con tus Tarjetas de Crédito Visa BancoEstado. Tope $9.000. Válido desde 01 de septiembre al 31 de octubre 2026.
BancoEstado,Buffalo Wafles,Av. Presidente Kennedy 5488,Vitacura,,,https://www.bancoestado.cl/content/dam/bancoestado-public/todo-suma/sabores/cabeceras/buffalo.png,lunes;martes;miercoles;jueves;viernes;sabado;domingo,40% dto.,9000,2026-10-31,https://www.instagram.com/buffalowaffles,,https://www.bancoestado.cl/content/bancoestado-public/cl/es/home/home/todosuma---bancoestado-personas/un-mes-de-sabores---bancoestado-personas.html,Tarjeta de Crédito Visa BancoEstado,Válido con tus Tarjetas de Crédito Visa BancoEstado. Tope $9.000. Válido desde 01 de septiembre al 31 de octubre 2026.
BancoEstado,Buffalo Wafles,"Calle Mar Tirreno Nº 3.349, Mall paseo Quilin, módulo M 26",Peñalolén,,,https://www.bancoestado.cl/content/dam/bancoestado-public/todo-suma/sabores/cabeceras/buffalo.png,lunes;martes;miercoles;jueves;viernes;sabado;domingo,40% dto.,9000,2026-10-31,https://www.instagram.com/buffalowaffles,,https://www.bancoestado.cl/content/bancoestado-public/cl/es/home/home/todosuma---bancoestado-personas/un-mes-de-sabores---bancoestado-personas.html,Tarjeta de Crédito Visa BancoEstado,Válido con tus Tarjetas de Crédito Visa BancoEstado. Tope $9.000. Válido desde 01 de septiembre al 31 de octubre 2026.
BancoEstado,Buffalo Wafles,Pio Nono 256,Providencia,,,https://www.bancoestado.cl/content/dam/bancoestado-public/todo-suma/sabores/cabeceras/buffalo.png,lunes;martes;miercoles;jueves;viernes;sabado;domingo,40% dto.,9000,2026-10-31,https://www.instagram.com/buffalowaffles,,https://www.bancoestado.cl/content/bancoestado-public/cl/es/home/home/todosuma---bancoestado-personas/un-mes-de-sabores---bancoestado-personas.html,Tarjeta de Crédito Visa BancoEstado,Válido con tus Tarjetas de Crédito Visa BancoEstado. Tope $9.000. Válido desde 01 de septiembre al 31 de octubre 2026.
BancoEstado,Buffalo Wafles,Av. Alberto Einstein 287-290,,,,https://www.bancoestado.cl/content/dam/bancoestado-public/todo-suma/sabores/cabeceras/buffalo.png,lunes;martes;miercoles;jueves;viernes;sabado;domingo,40% dto.,9000,2026-10-31,https://www.instagram.com/buffalowaffles,,https://www.bancoestado.cl/content/bancoestado-public/cl/es/home/home/todosuma---bancoestado-personas/un-mes-de-sabores---bancoestado-personas.html,Tarjeta de Crédito Visa BancoEstado,Válido con tus Tarjetas de Crédito Visa BancoEstado. Tope $9.000. Válido desde 01 de septiembre al 31 de octubre 2026.
BancoEstado,Buffalo Wafles,Av. Irarrázaval 3667,Ñuñoa,,,https://www.bancoestado.cl/content/dam/bancoestado-public/todo-suma/sabores/cabeceras/buffalo.png,lunes;martes;miercoles;jueves;viernes;sabado;domingo,40% dto.,9000,2026-10-31,https://www.instagram.com/buffalowaffles,,https://www.bancoestado.cl/content/bancoestado-public/cl/es/home/home/todosuma---bancoestado-personas/un-mes-de-sabores---bancoestado-personas.html,Tarjeta de Crédito Visa BancoEstado,Válido con tus Tarjetas de Crédito Visa BancoEstado. Tope $9.000. Válido desde 01 de septiembre al 31 de octubre 2026.
BancoEstado,Buffalo Wafles,"Av los Pajaritos 1790, Espacio Comercial 3",Maipú,,,https://www.bancoestado.cl/content/dam/bancoestado-public/todo-suma/sabores/cabeceras/buffalo.png,lunes;martes;miercoles;jueves;viernes;sabado;domingo,40% dto.,9000,2026-10-31,https://www.instagram.com/buffalowaffles,,https://www.bancoestado.cl/content/bancoestado-public/cl/es/home/home/todosuma---bancoestado-personas/un-mes-de-sabores---bancoestado-personas.html,Tarjeta de Crédito Visa BancoEstado,Válido con tus Tarjetas de Crédito Visa BancoEstado. Tope $9.000. Válido desde 01 de septiembre al 31 de octubre 2026.
BancoEstado,Buffalo Wafles,Av. Américo Vespucio 399 (Módulo 2 - 16),Maipú,,,https://www.bancoestado.cl/content/dam/bancoestado-public/todo-suma/sabores/cabeceras/buffalo.png,lunes;martes;miercoles;jueves;viernes;sabado;domingo,40% dto.,9000,2026-10-31,https://www.instagram.com/buffalowaffles,,https://www.bancoestado.cl/content/bancoestado-public/cl/es/home/home/todosuma---bancoestado-personas/un-mes-de-sabores---bancoestado-personas.html,Tarjeta de Crédito Visa BancoEstado,Válido con tus Tarjetas de Crédito Visa BancoEstado. Tope $9.000. Válido desde 01 de septiembre al 31 de octubre 2026.
BancoEstado,Buffalo Wafles,"Av. Larraín 5860, Mallplaza Egaña (Espacio Comercial MP-1002)",La Reina,,,https://www.bancoestado.cl/content/dam/bancoestado-public/todo-suma/sabores/cabeceras/buffalo.png,lunes;martes;miercoles;jueves;viernes;sabado;domingo,40% dto.,9000,2026-10-31,https://www.instagram.com/buffalowaffles,,https://www.bancoestado.cl/content/bancoestado-public/cl/es/home/home/todosuma---bancoestado-personas/un-mes-de-sabores---bancoestado-personas.html,Tarjeta de Crédito Visa BancoEstado,Válido con tus Tarjetas de Crédito Visa BancoEstado. Tope $9.000. Válido desde 01 de septiembre al 31 de octubre 2026.
BancoEstado,Buffalo Wafles,"Av. Presidente Jorge Alessandri Rodríguez 20040, Mallplaza Sur (Espacio Comercial MP-126)",San Bernardo,,,https://www.bancoestado.cl/content/dam/bancoestado-public/todo-suma/sabores/cabeceras/buffalo.png,lunes;martes;miercoles;jueves;viernes;sabado;domingo,40% dto.,9000,2026-10-31,https://www.instagram.com/buffalowaffles,,https://www.bancoestado.cl/content/bancoestado-public/cl/es/home/home/todosuma---bancoestado-personas/un-mes-de-sabores---bancoestado-personas.html,Tarjeta de Crédito Visa BancoEstado,Válido con tus Tarjetas de Crédito Visa BancoEstado. Tope $9.000. Válido desde 01 de septiembre al 31 de octubre 2026.
BancoEstado,Buffalo Wafles,"Av. Libertador Bernardo O'Higgins 1449, Torre 4 (Local 17)",Santiago,,,https://www.bancoestado.cl/content/dam/bancoestado-public/todo-suma/sabores/cabeceras/buffalo.png,lunes;martes;miercoles;jueves;viernes;sabado;domingo,40% dto.,9000,2026-10-31,https://www.instagram.com/buffalowaffles,,https://www.bancoestado.cl/content/bancoestado-public/cl/es/home/home/todosuma---bancoestado-personas/un-mes-de-sabores---bancoestado-personas.html,Tarjeta de Crédito Visa BancoEstado,Válido con tus Tarjetas de Crédito Visa BancoEstado. Tope $9.000. Válido desde 01 de septiembre al 31 de octubre 2026.
BancoEstado,Buffalo Wafles,"Eyzaguirre 650 (Mall Paseo San Bernardo), Piso 3, local 308",San Bernardo,,,https://www.bancoestado.cl/content/dam/bancoestado-public/todo-suma/sabores/cabeceras/buffalo.png,lunes;martes;miercoles;jueves;viernes;sabado;domingo,40% dto.,9000,2026-10-31,https://www.instagram.com/buffalowaffles,,https://www.bancoestado.cl/content/bancoestado-public/cl/es/home/home/todosuma---bancoestado-personas/un-mes-de-sabores---bancoestado-personas.html,Tarjeta de Crédito Visa BancoEstado,Válido con tus Tarjetas de Crédito Visa BancoEstado. Tope $9.000. Válido desde 01 de septiembre al 31 de octubre 2026.
BancoEstado,Buffalo Wafles,"Avenida Concha y Toro 3909, Local N° 1314, Mall Vivo Outlet Parque Los Toros",,,,https://www.bancoestado.cl/content/dam/bancoestado-public/todo-suma/sabores/cabeceras/buffalo.png,lunes;martes;miercoles;jueves;viernes;sabado;domingo,40% dto.,9000,2026-10-31,https://www.instagram.com/buffalowaffles,,https://www.bancoestado.cl/content/bancoestado-public/cl/es/home/home/todosuma---bancoestado-personas/un-mes-de-sabores---bancoestado-personas.html,Tarjeta de Crédito Visa BancoEstado,Válido con tus Tarjetas de Crédito Visa BancoEstado. Tope $9.000. Válido desde 01 de septiembre al 31 de octubre 2026.
BancoEstado,Buffalo Wafles,"Portugal 412, Strip Center Portugal (Local 6)",Santiago,,,https://www.bancoestado.cl/content/dam/bancoestado-public/todo-suma/sabores/cabeceras/buffalo.png,lunes;martes;miercoles;jueves;viernes;sabado;domingo,40% dto.,9000,2026-10-31,https://www.instagram.com/buffalowaffles,,https://www.bancoestado.cl/content/bancoestado-public/cl/es/home/home/todosuma---bancoestado-personas/un-mes-de-sabores---bancoestado-personas.html,Tarjeta de Crédito Visa BancoEstado,Válido con tus Tarjetas de Crédito Visa BancoEstado. Tope $9.000. Válido desde 01 de septiembre al 31 de octubre 2026.
BancoEstado,Buffalo Wafles,"Avenida Jorge Alessandri 1131, local 3",La Reina,,,https://www.bancoestado.cl/content/dam/bancoestado-public/todo-suma/sabores/cabeceras/buffalo.png,lunes;martes;miercoles;jueves;viernes;sabado;domingo,40% dto.,9000,2026-10-31,https://www.instagram.com/buffalowaffles,,https://www.bancoestado.cl/content/bancoestado-public/cl/es/home/home/todosuma---bancoestado-personas/un-mes-de-sabores---bancoestado-personas.html,Tarjeta de Crédito Visa BancoEstado,Válido con tus Tarjetas de Crédito Visa BancoEstado. Tope $9.000. Válido desde 01 de septiembre al 31 de octubre 2026.
BancoEstado,Buffalo Wafles,"Av. Chicureo Km 2. Boulevard Los Ingleses de Chicureo, Local 2, Chicureo",,,,https://www.bancoestado.cl/content/dam/bancoestado-public/todo-suma/sabores/cabeceras/buffalo.png,lunes;martes;miercoles;jueves;viernes;sabado;domingo,40% dto.,9000,2026-10-31,https://www.instagram.com/buffalowaffles,,https://www.bancoestado.cl/content/bancoestado-public/cl/es/home/home/todosuma---bancoestado-personas/un-mes-de-sabores---bancoestado-personas.html,Tarjeta de Crédito Visa BancoEstado,Válido con tus Tarjetas de Crédito Visa BancoEstado. Tope $9.000. Válido desde 01 de septiembre al 31 de octubre 2026.
BancoEstado,Buffalo Wafles,"Av. Bernardo O'Higgins 1065, Boulevard del Centro",Talagante,,,https://www.bancoestado.cl/content/dam/bancoestado-public/todo-suma/sabores/cabeceras/buffalo.png,lunes;martes;miercoles;jueves;viernes;sabado;domingo,40% dto.,9000,2026-10-31,https://www.instagram.com/buffalowaffles,,https://www.bancoestado.cl/content/bancoestado-public/cl/es/home/home/todosuma---bancoestado-personas/un-mes-de-sabores---bancoestado-personas.html,Tarjeta de Crédito Visa BancoEstado,Válido con tus Tarjetas de Crédito Visa BancoEstado. Tope $9.000. Válido desde 01 de septiembre al 31 de octubre 2026.
BancoEstado,Buffalo Wafles,"Paseo Buin, Avenida San Martín 555, segundo piso Terraza Gourmet, local 26",,,,https://www.bancoestado.cl/content/dam/bancoestado-public/todo-suma/sabores/cabeceras/buffalo.png,lunes;martes;miercoles;jueves;viernes;sabado;domingo,40% dto.,9000,2026-10-31,https://www.instagram.com/buffalowaffles,,https://www.bancoestado.cl/content/bancoestado-public/cl/es/home/home/todosuma---bancoestado-personas/un-mes-de-sabores---bancoestado-personas.html,Tarjeta de Crédito Visa BancoEstado,Válido con tus Tarjetas de Crédito Visa BancoEstado. Tope $9.000. Válido desde 01 de septiembre al 31 de octubre 2026.
BancoEstado,Buffalo Wafles,"Av. Concha y Toro 1120, Espacio Urbano Puente Alto, Patio de Comida (Espacio #22)",Puente Alto,,,https://www.bancoestado.cl/content/dam/bancoestado-public/todo-suma/sabores/cabeceras/buffalo.png,lunes;martes;miercoles;jueves;viernes;sabado;domingo,40% dto.,9000,2026-10-31,https://www.instagram.com/buffalowaffles,,https://www.bancoestado.cl/content/bancoestado-public/cl/es/home/home/todosuma---bancoestado-personas/un-mes-de-sabores---bancoestado-personas.html,Tarjeta de Crédito Visa BancoEstado,Válido con tus Tarjetas de Crédito Visa BancoEstado. Tope $9.000. Válido desde 01 de septiembre al 31 de octubre 2026.
BancoEstado,Buffalo Wafles,"Av. Camilo Henriquez 3692, Mallplaza Tobalaba (Espacio Comercial MP-161)",Puente Alto,,,https://www.bancoestado.cl/content/dam/bancoestado-public/todo-suma/sabores/cabeceras/buffalo.png,lunes;martes;miercoles;jueves;viernes;sabado;domingo,40% dto.,9000,2026-10-31,https://www.instagram.com/buffalowaffles,,https://www.bancoestado.cl/content/bancoestado-public/cl/es/home/home/todosuma---bancoestado-personas/un-mes-de-sabores---bancoestado-personas.html,Tarjeta de Crédito Visa BancoEstado,Válido con tus Tarjetas de Crédito Visa BancoEstado. Tope $9.000. Válido desde 01 de septiembre al 31 de octubre 2026.
BancoEstado,Buffalo Wafles,"Serrano 395, Espacio Urbano Melipilla, Piso 2, local 176",Melipilla,,,https://www.bancoestado.cl/content/dam/bancoestado-public/todo-suma/sabores/cabeceras/buffalo.png,lunes;martes;miercoles;jueves;viernes;sabado;domingo,40% dto.,9000,2026-10-31,https://www.instagram.com/buffalowaffles,,https://www.bancoestado.cl/content/bancoestado-public/cl/es/home/home/todosuma---bancoestado-personas/un-mes-de-sabores---bancoestado-personas.html,Tarjeta de Crédito Visa BancoEstado,Válido con tus Tarjetas de Crédito Visa BancoEstado. Tope $9.000. Válido desde 01 de septiembre al 31 de octubre 2026.
BancoEstado,Buffalo Wafles,"Alto del Parque Sur 5.800, Strip Center Altos del Parque, Local Nº20",Peñalolén,,,https://www.bancoestado.cl/content/dam/bancoestado-public/todo-suma/sabores/cabeceras/buffalo.png,lunes;martes;miercoles;jueves;viernes;sabado;domingo,40% dto.,9000,2026-10-31,https://www.instagram.com/buffalowaffles,,https://www.bancoestado.cl/content/bancoestado-public/cl/es/home/home/todosuma---bancoestado-personas/un-mes-de-sabores---bancoestado-personas.html,Tarjeta de Crédito Visa BancoEstado,Válido con tus Tarjetas de Crédito Visa BancoEstado. Tope $9.000. Válido desde 01 de septiembre al 31 de octubre 2026.
BancoEstado,Buffalo Wafles,"Av. Vicuña Mackenna Oriente 7110, (Local BR120)",La Florida,,,https://www.bancoestado.cl/content/dam/bancoestado-public/todo-suma/sabores/cabeceras/buffalo.png,lunes;martes;miercoles;jueves;viernes;sabado;domingo,40% dto.,9000,2026-10-31,https://www.instagram.com/buffalowaffles,,https://www.bancoestado.cl/content/bancoestado-public/cl/es/home/home/todosuma---bancoestado-personas/un-mes-de-sabores---bancoestado-personas.html,Tarjeta de Crédito Visa BancoEstado,Válido con tus Tarjetas de Crédito Visa BancoEstado. Tope $9.000. Válido desde 01 de septiembre al 31 de octubre 2026.
BancoEstado,Buffalo Wafles,"Av. Vicuña Mackenna Oriente 7110, (Local BR9088)",La Florida,,,https://www.bancoestado.cl/content/dam/bancoestado-public/todo-suma/sabores/cabeceras/buffalo.png,lunes;martes;miercoles;jueves;viernes;sabado;domingo,40% dto.,9000,2026-10-31,https://www.instagram.com/buffalowaffles,,https://www.bancoestado.cl/content/bancoestado-public/cl/es/home/home/todosuma---bancoestado-personas/un-mes-de-sabores---bancoestado-personas.html,Tarjeta de Crédito Visa BancoEstado,Válido con tus Tarjetas de Crédito Visa BancoEstado. Tope $9.000. Válido desde 01 de septiembre al 31 de octubre 2026.
BancoEstado,Buffalo Wafles,Holanda 073,Providencia,,,https://www.bancoestado.cl/content/dam/bancoestado-public/todo-suma/sabores/cabeceras/buffalo.png,lunes;martes;miercoles;jueves;viernes;sabado;domingo,40% dto.,9000,2026-10-31,https://www.instagram.com/buffalowaffles,,https://www.bancoestado.cl/content/bancoestado-public/cl/es/home/home/todosuma---bancoestado-personas/un-mes-de-sabores---bancoestado-personas.html,Tarjeta de Crédito Visa BancoEstado,Válido con tus Tarjetas de Crédito Visa BancoEstado. Tope $9.000. Válido desde 01 de septiembre al 31 de octubre 2026.
BancoEstado,El Hoyo Mallplaza,"Mercado del 14, Froilán Roa 7107",La Florida,,,https://www.bancoestado.cl/content/dam/bancoestado-public/todo-suma/sabores/cabeceras/el_hoyo.png,martes,50% dto.,40000,2026-12-31,https://www.instagram.com/el_hoyo_restaurant/,,https://www.bancoestado.cl/content/bancoestado-public/cl/es/home/home/todosuma---bancoestado-personas/un-mes-de-sabores---bancoestado-personas.html,Tarjeta de Crédito Visa BancoEstado,Sólo con las Tarjetas de Crédito Visa BancoEstado. Tope $40.000. Válido desde 01 de agosto al 31 de diciembre 2026.
BancoEstado,La Piojera,Aillavilu 1030,Santiago,,,https://www.bancoestado.cl/content/dam/bancoestado-public/todo-suma/sabores/cabeceras/piojera.png,martes,50% dto.,40000,2026-12-31,https://www.instagram.com/lapiojeraoficial/,,https://www.bancoestado.cl/content/bancoestado-public/cl/es/home/home/todosuma---bancoestado-personas/un-mes-de-sabores---bancoestado-personas.html,Tarjeta de Crédito Visa BancoEstado,Sólo con las Tarjetas de Crédito Visa BancoEstado. Tope $40.000. Válido desde 01 de agosto al 31 de diciembre 2026.
BancoEstado,Nice To Meet,Av los Leones 1012,Providencia,,,https://www.bancoestado.cl/content/dam/bancoestado-public/todo-suma/sabores/cabeceras/nice.png,martes,50% dto.,40000,2026-12-31,https://www.instagram.com/nicetomeatburger/,,https://www.bancoestado.cl/content/bancoestado-public/cl/es/home/home/todosuma---bancoestado-personas/un-mes-de-sabores---bancoestado-personas.html,Tarjeta de Crédito Visa BancoEstado,Válido con tus Tarjetas de Crédito Visa BancoEstado. Tope $40.000. Válido desde 01 de agosto al 31 de diciembre 2026.
BancoEstado,Carls Jr,Americo Vespucios 1501 Local 222,Cerrillos,,,https://www.bancoestado.cl/content/dam/bancoestado-public/todo-suma/sabores/cabeceras/carls.png,martes,40% dto.,7500,2026-12-31,https://www.instagram.com/carlsjrchile/,,https://www.bancoestado.cl/content/bancoestado-public/cl/es/home/home/todosuma---bancoestado-personas/un-mes-de-sabores---bancoestado-personas.html,Tarjeta de Crédito Visa BancoEstado,Sólo con las Tarjetas de Crédito Visa BancoEstado. Tope $7.500. Válido desde 01 de agosto al 31 de diciembre 2026.
BancoEstado,Carls Jr,Americo Vespucio 1501 Local BA MP 208,Cerrillos,,,https://www.bancoestado.cl/content/dam/bancoestado-public/todo-suma/sabores/cabeceras/carls.png,martes,40% dto.,7500,2026-12-31,https://www.instagram.com/carlsjrchile/,,https://www.bancoestado.cl/content/bancoestado-public/cl/es/home/home/todosuma---bancoestado-personas/un-mes-de-sabores---bancoestado-personas.html,Tarjeta de Crédito Visa BancoEstado,Sólo con las Tarjetas de Crédito Visa BancoEstado. Tope $7.500. Válido desde 01 de agosto al 31 de diciembre 2026.
BancoEstado,Carls Jr,Pedro Fontova 6491,Huechuraba,,,https://www.bancoestado.cl/content/dam/bancoestado-public/todo-suma/sabores/cabeceras/carls.png,martes,40% dto.,7500,2026-12-31,https://www.instagram.com/carlsjrchile/,,https://www.bancoestado.cl/content/bancoestado-public/cl/es/home/home/todosuma---bancoestado-personas/un-mes-de-sabores---bancoestado-personas.html,Tarjeta de Crédito Visa BancoEstado,Sólo con las Tarjetas de Crédito Visa BancoEstado. Tope $7.500. Válido desde 01 de agosto al 31 de diciembre 2026.
BancoEstado,Carls Jr,Americo Vespucio 1737,Huechuraba,,,https://www.bancoestado.cl/content/dam/bancoestado-public/todo-suma/sabores/cabeceras/carls.png,martes,40% dto.,7500,2026-12-31,https://www.instagram.com/carlsjrchile/,,https://www.bancoestado.cl/content/bancoestado-public/cl/es/home/home/todosuma---bancoestado-personas/un-mes-de-sabores---bancoestado-personas.html,Tarjeta de Crédito Visa BancoEstado,Sólo con las Tarjetas de Crédito Visa BancoEstado. Tope $7.500. Válido desde 01 de agosto al 31 de diciembre 2026.
BancoEstado,Carls Jr,Independecia 565,Independencia,,,https://www.bancoestado.cl/content/dam/bancoestado-public/todo-suma/sabores/cabeceras/carls.png,martes,40% dto.,7500,2026-12-31,https://www.instagram.com/carlsjrchile/,,https://www.bancoestado.cl/content/bancoestado-public/cl/es/home/home/todosuma---bancoestado-personas/un-mes-de-sabores---bancoestado-personas.html,Tarjeta de Crédito Visa BancoEstado,Sólo con las Tarjetas de Crédito Visa BancoEstado. Tope $7.500. Válido desde 01 de agosto al 31 de diciembre 2026.
BancoEstado,Carls Jr,La Florida 8988 Local 102,La Florida,,,https://www.bancoestado.cl/content/dam/bancoestado-public/todo-suma/sabores/cabeceras/carls.png,martes,40% dto.,7500,2026-12-31,https://www.instagram.com/carlsjrchile/,,https://www.bancoestado.cl/content/bancoestado-public/cl/es/home/home/todosuma---bancoestado-personas/un-mes-de-sabores---bancoestado-personas.html,Tarjeta de Crédito Visa BancoEstado,Sólo con las Tarjetas de Crédito Visa BancoEstado. Tope $7.500. Válido desde 01 de agosto al 31 de diciembre 2026.
BancoEstado,Carls Jr,"Vicuña Mackenna 7110, Piso 1",La Florida,,,https://www.bancoestado.cl/content/dam/bancoestado-public/todo-suma/sabores/cabeceras/carls.png,martes,40% dto.,7500,2026-12-31,https://www.instagram.com/carlsjrchile/,,https://www.bancoestado.cl/content/bancoestado-public/cl/es/home/home/todosuma---bancoestado-personas/un-mes-de-sabores---bancoestado-personas.html,Tarjeta de Crédito Visa BancoEstado,Sólo con las Tarjetas de Crédito Visa BancoEstado. Tope $7.500. Válido desde 01 de agosto al 31 de diciembre 2026.
BancoEstado,Carls Jr,"Larrain 5862, 3er piso",La Reina,,,https://www.bancoestado.cl/content/dam/bancoestado-public/todo-suma/sabores/cabeceras/carls.png,martes,40% dto.,7500,2026-12-31,https://www.instagram.com/carlsjrchile/,,https://www.bancoestado.cl/content/bancoestado-public/cl/es/home/home/todosuma---bancoestado-personas/un-mes-de-sabores---bancoestado-personas.html,Tarjeta de Crédito Visa BancoEstado,Sólo con las Tarjetas de Crédito Visa BancoEstado. Tope $7.500. Válido desde 01 de agosto al 31 de diciembre 2026.
BancoEstado,Carls Jr,Padre Hurtado Sur 785,Las Condes,,,https://www.bancoestado.cl/content/dam/bancoestado-public/todo-suma/sabores/cabeceras/carls.png,martes,40% dto.,7500,2026-12-31,https://www.instagram.com/carlsjrchile/,,https://www.bancoestado.cl/content/bancoestado-public/cl/es/home/home/todosuma---bancoestado-personas/un-mes-de-sabores---bancoestado-personas.html,Tarjeta de Crédito Visa BancoEstado,Sólo con las Tarjetas de Crédito Visa BancoEstado. Tope $7.500. Válido desde 01 de agosto al 31 de diciembre 2026.
BancoEstado,Carls Jr,Rosario Norte 100,Las Condes,,,https://www.bancoestado.cl/content/dam/bancoestado-public/todo-suma/sabores/cabeceras/carls.png,martes,40% dto.,7500,2026-12-31,https://www.instagram.com/carlsjrchile/,,https://www.bancoestado.cl/content/bancoestado-public/cl/es/home/home/todosuma---bancoestado-personas/un-mes-de-sabores---bancoestado-personas.html,Tarjeta de Crédito Visa BancoEstado,Sólo con las Tarjetas de Crédito Visa BancoEstado. Tope $7.500. Válido desde 01 de agosto al 31 de diciembre 2026.
BancoEstado,Carls Jr,El Bosque Nte. 92,Las Condes,,,https://www.bancoestado.cl/content/dam/bancoestado-public/todo-suma/sabores/cabeceras/carls.png,martes,40% dto.,7500,2026-12-31,https://www.instagram.com/carlsjrchile/,,https://www.bancoestado.cl/content/bancoestado-public/cl/es/home/home/todosuma---bancoestado-personas/un-mes-de-sabores---bancoestado-personas.html,Tarjeta de Crédito Visa BancoEstado,Sólo con las Tarjetas de Crédito Visa BancoEstado. Tope $7.500. Válido desde 01 de agosto al 31 de diciembre 2026.
BancoEstado,Carls Jr,Camino Los Trapenses 2140,Lo Barnechea,,,https://www.bancoestado.cl/content/dam/bancoestado-public/todo-suma/sabores/cabeceras/carls.png,martes,40% dto.,7500,2026-12-31,https://www.instagram.com/carlsjrchile/,,https://www.bancoestado.cl/content/bancoestado-public/cl/es/home/home/todosuma---bancoestado-personas/un-mes-de-sabores---bancoestado-personas.html,Tarjeta de Crédito Visa BancoEstado,Sólo con las Tarjetas de Crédito Visa BancoEstado. Tope $7.500. Válido desde 01 de agosto al 31 de diciembre 2026.
BancoEstado,Carls Jr,Nueva Providencia 2124,Providencia,,,https://www.bancoestado.cl/content/dam/bancoestado-public/todo-suma/sabores/cabeceras/carls.png,martes,40% dto.,7500,2026-12-31,https://www.instagram.com/carlsjrchile/,,https://www.bancoestado.cl/content/bancoestado-public/cl/es/home/home/todosuma---bancoestado-personas/un-mes-de-sabores---bancoestado-personas.html,Tarjeta de Crédito Visa BancoEstado,Sólo con las Tarjetas de Crédito Visa BancoEstado. Tope $7.500. Válido desde 01 de agosto al 31 de diciembre 2026.
BancoEstado,Carls Jr,Av. Camilo Henríquez 3692,Puente Alto,,,https://www.bancoestado.cl/content/dam/bancoestado-public/todo-suma/sabores/cabeceras/carls.png,martes,40% dto.,7500,2026-12-31,https://www.instagram.com/carlsjrchile/,,https://www.bancoestado.cl/content/bancoestado-public/cl/es/home/home/todosuma---bancoestado-personas/un-mes-de-sabores---bancoestado-personas.html,Tarjeta de Crédito Visa BancoEstado,Sólo con las Tarjetas de Crédito Visa BancoEstado. Tope $7.500. Válido desde 01 de agosto al 31 de diciembre 2026.
BancoEstado,Carls Jr,Pdte. Jorge Alessandri Rodriguez 20040,San Bernardo,,,https://www.bancoestado.cl/content/dam/bancoestado-public/todo-suma/sabores/cabeceras/carls.png,martes,40% dto.,7500,2026-12-31,https://www.instagram.com/carlsjrchile/,,https://www.bancoestado.cl/content/bancoestado-public/cl/es/home/home/todosuma---bancoestado-personas/un-mes-de-sabores---bancoestado-personas.html,Tarjeta de Crédito Visa BancoEstado,Sólo con las Tarjetas de Crédito Visa BancoEstado. Tope $7.500. Válido desde 01 de agosto al 31 de diciembre 2026.
BancoEstado,Carls Jr,Huerfanos 840,Santiago,,,https://www.bancoestado.cl/content/dam/bancoestado-public/todo-suma/sabores/cabeceras/carls.png,martes,40% dto.,7500,2026-12-31,https://www.instagram.com/carlsjrchile/,,https://www.bancoestado.cl/content/bancoestado-public/cl/es/home/home/todosuma---bancoestado-personas/un-mes-de-sabores---bancoestado-personas.html,Tarjeta de Crédito Visa BancoEstado,Sólo con las Tarjetas de Crédito Visa BancoEstado. Tope $7.500. Válido desde 01 de agosto al 31 de diciembre 2026.
BancoEstado,Carls Jr,Av. Pdte. Kennedy 5413,Las Condes,,,https://www.bancoestado.cl/content/dam/bancoestado-public/todo-suma/sabores/cabeceras/carls.png,martes,40% dto.,7500,2026-12-31,https://www.instagram.com/carlsjrchile/,,https://www.bancoestado.cl/content/bancoestado-public/cl/es/home/home/todosuma---bancoestado-personas/un-mes-de-sabores---bancoestado-personas.html,Tarjeta de Crédito Visa BancoEstado,Sólo con las Tarjetas de Crédito Visa BancoEstado. Tope $7.500. Válido desde 01 de agosto al 31 de diciembre 2026.
BancoEstado,Carls Jr,Av. Americo Vespucio 399,Maipú,,,https://www.bancoestado.cl/content/dam/bancoestado-public/todo-suma/sabores/cabeceras/carls.png,martes,40% dto.,7500,2026-12-31,https://www.instagram.com/carlsjrchile/,,https://www.bancoestado.cl/content/bancoestado-public/cl/es/home/home/todosuma---bancoestado-personas/un-mes-de-sabores---bancoestado-personas.html,Tarjeta de Crédito Visa BancoEstado,Sólo con las Tarjetas de Crédito Visa BancoEstado. Tope $7.500. Válido desde 01 de agosto al 31 de diciembre 2026.
BancoEstado,Carls Jr,Vitacura 2751 Local 2,Vitacura,,,https://www.bancoestado.cl/content/dam/bancoestado-public/todo-suma/sabores/cabeceras/carls.png,martes,40% dto.,7500,2026-12-31,https://www.instagram.com/carlsjrchile/,,https://www.bancoestado.cl/content/bancoestado-public/cl/es/home/home/todosuma---bancoestado-personas/un-mes-de-sabores---bancoestado-personas.html,Tarjeta de Crédito Visa BancoEstado,Sólo con las Tarjetas de Crédito Visa BancoEstado. Tope $7.500. Válido desde 01 de agosto al 31 de diciembre 2026.
BancoEstado,Carls Jr,Av Alameda Libertador Bernardo O'Higgins 3470,Estación Central,,,https://www.bancoestado.cl/content/dam/bancoestado-public/todo-suma/sabores/cabeceras/carls.png,martes,40% dto.,7500,2026-12-31,https://www.instagram.com/carlsjrchile/,,https://www.bancoestado.cl/content/bancoestado-public/cl/es/home/home/todosuma---bancoestado-personas/un-mes-de-sabores---bancoestado-personas.html,Tarjeta de Crédito Visa BancoEstado,Sólo con las Tarjetas de Crédito Visa BancoEstado. Tope $7.500. Válido desde 01 de agosto al 31 de diciembre 2026.
BancoEstado,Carls Jr,Av. Vicuña Mackenna Ote. 6100,La Florida,,,https://www.bancoestado.cl/content/dam/bancoestado-public/todo-suma/sabores/cabeceras/carls.png,martes,40% dto.,7500,2026-12-31,https://www.instagram.com/carlsjrchile/,,https://www.bancoestado.cl/content/bancoestado-public/cl/es/home/home/todosuma---bancoestado-personas/un-mes-de-sabores---bancoestado-personas.html,Tarjeta de Crédito Visa BancoEstado,Sólo con las Tarjetas de Crédito Visa BancoEstado. Tope $7.500. Válido desde 01 de agosto al 31 de diciembre 2026.
BancoEstado,Carls Jr,"Vicuña Mackenna 7110, Piso 2",La Florida,,,https://www.bancoestado.cl/content/dam/bancoestado-public/todo-suma/sabores/cabeceras/carls.png,martes,40% dto.,7500,2026-12-31,https://www.instagram.com/carlsjrchile/,,https://www.bancoestado.cl/content/bancoestado-public/cl/es/home/home/todosuma---bancoestado-personas/un-mes-de-sabores---bancoestado-personas.html,Tarjeta de Crédito Visa BancoEstado,Sólo con las Tarjetas de Crédito Visa BancoEstado. Tope $7.500. Válido desde 01 de agosto al 31 de diciembre 2026.
BancoEstado,Carls Jr,Los Toros 297,Puente Alto,,,https://www.bancoestado.cl/content/dam/bancoestado-public/todo-suma/sabores/cabeceras/carls.png,martes,40% dto.,7500,2026-12-31,https://www.instagram.com/carlsjrchile/,,https://www.bancoestado.cl/content/bancoestado-public/cl/es/home/home/todosuma---bancoestado-personas/un-mes-de-sabores---bancoestado-personas.html,Tarjeta de Crédito Visa BancoEstado,Sólo con las Tarjetas de Crédito Visa BancoEstado. Tope $7.500. Válido desde 01 de agosto al 31 de diciembre 2026.
BancoEstado,Just Burger,"Av. Américo Vespucio local 1108 B, Mall Paseo Quilín",,,,https://www.bancoestado.cl/content/dam/bancoestado-public/todo-suma/sabores/cabeceras/just-burger.png,martes,40% dto.,20000,2026-12-31,https://www.instagram.com/justburgercl,,https://www.bancoestado.cl/content/bancoestado-public/cl/es/home/home/todosuma---bancoestado-personas/un-mes-de-sabores---bancoestado-personas.html,Tarjeta de Crédito Visa BancoEstado,Válido con tus Tarjetas de Crédito Visa BancoEstado. Tope $20.000. Válido desde 01 de agosto al 31 de diciembre 2026.
BancoEstado,Just Burger,Guardia Vieja 62,Providencia,,,https://www.bancoestado.cl/content/dam/bancoestado-public/todo-suma/sabores/cabeceras/just-burger.png,martes,40% dto.,20000,2026-12-31,https://www.instagram.com/justburgercl,,https://www.bancoestado.cl/content/bancoestado-public/cl/es/home/home/todosuma---bancoestado-personas/un-mes-de-sabores---bancoestado-personas.html,Tarjeta de Crédito Visa BancoEstado,Válido con tus Tarjetas de Crédito Visa BancoEstado. Tope $20.000. Válido desde 01 de agosto al 31 de diciembre 2026.
BancoEstado,Just Burger,"Av. IV Centenario 999, Local 113",Las Condes,,,https://www.bancoestado.cl/content/dam/bancoestado-public/todo-suma/sabores/cabeceras/just-burger.png,martes,40% dto.,20000,2026-12-31,https://www.instagram.com/justburgercl,,https://www.bancoestado.cl/content/bancoestado-public/cl/es/home/home/todosuma---bancoestado-personas/un-mes-de-sabores---bancoestado-personas.html,Tarjeta de Crédito Visa BancoEstado,Válido con tus Tarjetas de Crédito Visa BancoEstado. Tope $20.000. Válido desde 01 de agosto al 31 de diciembre 2026.
BancoEstado,Just Burger,Av. Manuel Montt 2559,,,,https://www.bancoestado.cl/content/dam/bancoestado-public/todo-suma/sabores/cabeceras/just-burger.png,martes,40% dto.,20000,2026-12-31,https://www.instagram.com/justburgercl,,https://www.bancoestado.cl/content/bancoestado-public/cl/es/home/home/todosuma---bancoestado-personas/un-mes-de-sabores---bancoestado-personas.html,Tarjeta de Crédito Visa BancoEstado,Válido con tus Tarjetas de Crédito Visa BancoEstado. Tope $20.000. Válido desde 01 de agosto al 31 de diciembre 2026.
BancoEstado,Just Burger,Toesca 1844,Santiago,,,https://www.bancoestado.cl/content/dam/bancoestado-public/todo-suma/sabores/cabeceras/just-burger.png,martes,40% dto.,20000,2026-12-31,https://www.instagram.com/justburgercl,,https://www.bancoestado.cl/content/bancoestado-public/cl/es/home/home/todosuma---bancoestado-personas/un-mes-de-sabores---bancoestado-personas.html,Tarjeta de Crédito Visa BancoEstado,Válido con tus Tarjetas de Crédito Visa BancoEstado. Tope $20.000. Válido desde 01 de agosto al 31 de diciembre 2026.
BancoEstado,Just Burger,Av. Pedro Fontova 6651,Huechuraba,,,https://www.bancoestado.cl/content/dam/bancoestado-public/todo-suma/sabores/cabeceras/just-burger.png,martes,40% dto.,20000,2026-12-31,https://www.instagram.com/justburgercl,,https://www.bancoestado.cl/content/bancoestado-public/cl/es/home/home/todosuma---bancoestado-personas/un-mes-de-sabores---bancoestado-personas.html,Tarjeta de Crédito Visa BancoEstado,Válido con tus Tarjetas de Crédito Visa BancoEstado. Tope $20.000. Válido desde 01 de agosto al 31 de diciembre 2026.
BancoEstado,Just Burger,Av. Principe de Gales 6853,La Reina,,,https://www.bancoestado.cl/content/dam/bancoestado-public/todo-suma/sabores/cabeceras/just-burger.png,martes,40% dto.,20000,2026-12-31,https://www.instagram.com/justburgercl,,https://www.bancoestado.cl/content/bancoestado-public/cl/es/home/home/todosuma---bancoestado-personas/un-mes-de-sabores---bancoestado-personas.html,Tarjeta de Crédito Visa BancoEstado,Válido con tus Tarjetas de Crédito Visa BancoEstado. Tope $20.000. Válido desde 01 de agosto al 31 de diciembre 2026.
BancoEstado,Just Burger,Av. Isidora Goyenechea 2874,Las Condes,,,https://www.bancoestado.cl/content/dam/bancoestado-public/todo-suma/sabores/cabeceras/just-burger.png,martes,40% dto.,20000,2026-12-31,https://www.instagram.com/justburgercl,,https://www.bancoestado.cl/content/bancoestado-public/cl/es/home/home/todosuma---bancoestado-personas/un-mes-de-sabores---bancoestado-personas.html,Tarjeta de Crédito Visa BancoEstado,Válido con tus Tarjetas de Crédito Visa BancoEstado. Tope $20.000. Válido desde 01 de agosto al 31 de diciembre 2026.
BancoEstado,Just Burger,Serafin Zamora 141,La Florida,,,https://www.bancoestado.cl/content/dam/bancoestado-public/todo-suma/sabores/cabeceras/just-burger.png,martes,40% dto.,20000,2026-12-31,https://www.instagram.com/justburgercl,,https://www.bancoestado.cl/content/bancoestado-public/cl/es/home/home/todosuma---bancoestado-personas/un-mes-de-sabores---bancoestado-personas.html,Tarjeta de Crédito Visa BancoEstado,Válido con tus Tarjetas de Crédito Visa BancoEstado. Tope $20.000. Válido desde 01 de agosto al 31 de diciembre 2026.
BancoEstado,Just Burger,Av. las Tranqueras 1650,Vitacura,,,https://www.bancoestado.cl/content/dam/bancoestado-public/todo-suma/sabores/cabeceras/just-burger.png,martes,40% dto.,20000,2026-12-31,https://www.instagram.com/justburgercl,,https://www.bancoestado.cl/content/bancoestado-public/cl/es/home/home/todosuma---bancoestado-personas/un-mes-de-sabores---bancoestado-personas.html,Tarjeta de Crédito Visa BancoEstado,Válido con tus Tarjetas de Crédito Visa BancoEstado. Tope $20.000. Válido desde 01 de agosto al 31 de diciembre 2026.
BancoEstado,El Mesón Nerudiano,Dominica 35,Recoleta,,,https://www.bancoestado.cl/content/dam/bancoestado-public/todo-suma/sabores/cabeceras/nerudiano.png,miercoles,50% dto.,40000,2026-12-31,https://www.instagram.com/elmesonnerudiano/?hl=es,,https://www.bancoestado.cl/content/bancoestado-public/cl/es/home/home/todosuma---bancoestado-personas/un-mes-de-sabores---bancoestado-personas.html,Tarjeta de Crédito Visa BancoEstado,Sólo con las Tarjetas de Crédito Visa BancoEstado. Tope $40.000. Válido desde 01 de agosto al 31 de diciembre 2026.
BancoEstado,La Cabrera al Paso,"Parque Arauco, Avenida Presidente Kennedy 5413",Las Condes,,,https://www.bancoestado.cl/content/dam/bancoestado-public/todo-suma/sabores/cabeceras/ruta_la_cabrera.jpg,miercoles,50% dto.,40000,2026-12-31,https://www.instagram.com/lacabreraalpaso/,,https://www.bancoestado.cl/content/bancoestado-public/cl/es/home/home/todosuma---bancoestado-personas/un-mes-de-sabores---bancoestado-personas.html,Tarjeta de Crédito Visa BancoEstado,Sólo con las Tarjetas de Crédito Visa BancoEstado. Tope $40.000. Válido desde 01 de agosto al 31 de diciembre 2026.
BancoEstado,La Panera Rosa,"Parque Arauco, Avenida Presidente Kennedy 5413",Las Condes,,,https://www.bancoestado.cl/content/dam/bancoestado-public/todo-suma/sabores/cabeceras/ruta_la_panera.jpg,miercoles,50% dto.,40000,2026-12-31,https://www.instagram.com/lapanerarosa.chile/,,https://www.bancoestado.cl/content/bancoestado-public/cl/es/home/home/todosuma---bancoestado-personas/un-mes-de-sabores---bancoestado-personas.html,Tarjeta de Crédito Visa BancoEstado,Sólo con las Tarjetas de Crédito Visa BancoEstado. Tope $40.000. Válido desde 01 de agosto al 31 de diciembre 2026.
BancoEstado,Anima Cocktail Lab,Constitución 172,Providencia,,,https://www.bancoestado.cl/content/dam/bancoestado-public/todo-suma/sabores/cabeceras/anima.png,miercoles;jueves;viernes;sabado;domingo,50% dto.,40000,2026-10-31,https://www.instagram.com/anima.cocktaillab/,,https://www.bancoestado.cl/content/bancoestado-public/cl/es/home/home/todosuma---bancoestado-personas/un-mes-de-sabores---bancoestado-personas.html,Tarjeta de Crédito Visa BancoEstado,Sólo con las Tarjetas de Crédito Visa BancoEstado. Tope $40.000. Válido desde 01 de septiembre al 31 de octubre 2026.
BancoEstado,Marietta Heladería,"Parque Arauco, Avenida Presidente Kennedy 5413",Las Condes,,,https://www.bancoestado.cl/content/dam/bancoestado-public/todo-suma/sabores/cabeceras/ruta_marietta.jpg,miercoles,50% dto.,40000,2026-12-31,https://www.instagram.com/marietta.heladeria,,https://www.bancoestado.cl/content/bancoestado-public/cl/es/home/home/todosuma---bancoestado-personas/un-mes-de-sabores---bancoestado-personas.html,Tarjeta de Crédito Visa BancoEstado,Sólo con las Tarjetas de Crédito Visa BancoEstado. Tope $40.000. Válido desde 01 de agosto al 31 de diciembre 2026.
BancoEstado,Expendio Montt,Manuel Montt 727,Providencia,,,https://www.bancoestado.cl/content/dam/bancoestado-public/todo-suma/sabores/cabeceras/montt.png,jueves,50% dto.,40000,2026-12-31,https://www.instagram.com/expendio_montt/,,https://www.bancoestado.cl/content/bancoestado-public/cl/es/home/home/todosuma---bancoestado-personas/un-mes-de-sabores---bancoestado-personas.html,Tarjeta de Crédito Visa BancoEstado,Válido con tus Tarjetas de Crédito Visa BancoEstado. Tope $40.000. Válido desde 01 de agosto al 31 de diciembre 2026.
BancoEstado,Pastamore,Las Tranqueras 1471,Vitacura,,,https://www.bancoestado.cl/content/dam/bancoestado-public/todo-suma/sabores/cabeceras/pastamore.png,jueves,50% dto.,40000,2026-12-31,https://www.instagram.com/PASTAMORESPA/,,https://www.bancoestado.cl/content/bancoestado-public/cl/es/home/home/todosuma---bancoestado-personas/un-mes-de-sabores---bancoestado-personas.html,Tarjeta de Crédito Visa BancoEstado,Válido con tus Tarjetas de Crédito Visa BancoEstado. Tope $40.000. Válido desde 01 de agosto al 31 de diciembre 2026.
BancoEstado,TPM Restobar,Tobalaba 455,Providencia,,,https://www.bancoestado.cl/content/dam/bancoestado-public/todo-suma/sabores/cabeceras/tpm.png,jueves,50% dto.,40000,2026-12-31,https://www.instagram.com/tpm.bar/,,https://www.bancoestado.cl/content/bancoestado-public/cl/es/home/home/todosuma---bancoestado-personas/un-mes-de-sabores---bancoestado-personas.html,Tarjeta de Crédito Visa BancoEstado,Válido con tus Tarjetas de Crédito Visa BancoEstado. Tope $40.000. Válido desde 01 de agosto al 31 de diciembre 2026.
BancoEstado,TPM Restobar,Plaza Pedro de Valdivia 1738,Providencia,,,https://www.bancoestado.cl/content/dam/bancoestado-public/todo-suma/sabores/cabeceras/tpm.png,jueves,50% dto.,40000,2026-12-31,https://www.instagram.com/tpm.bar/,,https://www.bancoestado.cl/content/bancoestado-public/cl/es/home/home/todosuma---bancoestado-personas/un-mes-de-sabores---bancoestado-personas.html,Tarjeta de Crédito Visa BancoEstado,Válido con tus Tarjetas de Crédito Visa BancoEstado. Tope $40.000. Válido desde 01 de agosto al 31 de diciembre 2026.
BancoEstado,TPM Restobar,Av Las Condes 6766,Las Condes,,,https://www.bancoestado.cl/content/dam/bancoestado-public/todo-suma/sabores/cabeceras/tpm.png,jueves,50% dto.,40000,2026-12-31,https://www.instagram.com/tpm.bar/,,https://www.bancoestado.cl/content/bancoestado-public/cl/es/home/home/todosuma---bancoestado-personas/un-mes-de-sabores---bancoestado-personas.html,Tarjeta de Crédito Visa BancoEstado,Válido con tus Tarjetas de Crédito Visa BancoEstado. Tope $40.000. Válido desde 01 de agosto al 31 de diciembre 2026.
BancoEstado,TPM Restobar,Manuel Montt 412,Providencia,,,https://www.bancoestado.cl/content/dam/bancoestado-public/todo-suma/sabores/cabeceras/tpm.png,jueves,50% dto.,40000,2026-12-31,https://www.instagram.com/tpm.bar/,,https://www.bancoestado.cl/content/bancoestado-public/cl/es/home/home/todosuma---bancoestado-personas/un-mes-de-sabores---bancoestado-personas.html,Tarjeta de Crédito Visa BancoEstado,Válido con tus Tarjetas de Crédito Visa BancoEstado. Tope $40.000. Válido desde 01 de agosto al 31 de diciembre 2026.
BancoEstado,TPM Restobar,Av Italia 1226,Providencia,,,https://www.bancoestado.cl/content/dam/bancoestado-public/todo-suma/sabores/cabeceras/tpm.png,jueves,50% dto.,40000,2026-12-31,https://www.instagram.com/tpm.bar/,,https://www.bancoestado.cl/content/bancoestado-public/cl/es/home/home/todosuma---bancoestado-personas/un-mes-de-sabores---bancoestado-personas.html,Tarjeta de Crédito Visa BancoEstado,Válido con tus Tarjetas de Crédito Visa BancoEstado. Tope $40.000. Válido desde 01 de agosto al 31 de diciembre 2026.
BancoEstado,Kechua,"Av. San Josemaría Escrivá de Balaguer 6400, BordeRío",Vitacura,,,https://www.bancoestado.cl/content/dam/bancoestado-public/todo-suma/sabores/cabeceras/kechua.png,domingo,50% dto.,,2026-12-31,https://www.instagram.com/kechuarestaurante/,,https://www.bancoestado.cl/content/bancoestado-public/cl/es/home/home/todosuma---bancoestado-personas/un-mes-de-sabores---bancoestado-personas.html,Tarjeta de Crédito Visa BancoEstado,Sólo con las Tarjetas de Crédito Visa BancoEstado. Sin tope de descuento. Válido desde 01 de agosto al 31 de diciembre 2026.
BancoEstado,Kechua,Alcaldesa Balbina Vera 3561,Ñuñoa,,,https://www.bancoestado.cl/content/dam/bancoestado-public/todo-suma/sabores/cabeceras/kechua.png,domingo,50% dto.,,2026-12-31,https://www.instagram.com/kechuarestaurante/,,https://www.bancoestado.cl/content/bancoestado-public/cl/es/home/home/todosuma---bancoestado-personas/un-mes-de-sabores---bancoestado-personas.html,Tarjeta de Crédito Visa BancoEstado,Sólo con las Tarjetas de Crédito Visa BancoEstado. Sin tope de descuento. Válido desde 01 de agosto al 31 de diciembre 2026.
BancoEstado,Kechua,"Constitución 241, Terrazas San Cristobal",Providencia,,,https://www.bancoestado.cl/content/dam/bancoestado-public/todo-suma/sabores/cabeceras/kechua.png,domingo,50% dto.,,2026-12-31,https://www.instagram.com/kechuarestaurante/,,https://www.bancoestado.cl/content/bancoestado-public/cl/es/home/home/todosuma---bancoestado-personas/un-mes-de-sabores---bancoestado-personas.html,Tarjeta de Crédito Visa BancoEstado,Sólo con las Tarjetas de Crédito Visa BancoEstado. Sin tope de descuento. Válido desde 01 de agosto al 31 de diciembre 2026.
BancoEstado,Tarragona,,,,,https://www.bancoestado.cl/content/dam/bancoestado-public/todo-suma/campanas/tarragona/logo-tarragona.png,miercoles,40% dto.,,2026-10-30,https://www.tarragona.cl/pedir,,https://www.bancoestado.cl/content/bancoestado-public/cl/es/home/home/todosuma---bancoestado-personas/todos-beneficios/tarragona----beneficios-bancoestado.html,"Tarjetas de Débito, Crédito BancoEstado y CuentaRUT","40% en toda la carta, pagando presencialmente en caja de los locales Tarragona. Vigencia desde el 09 de septiembre al 30 de octubre de 2026."
BancoEstado,Burger King,,,,,https://www.bancoestado.cl/content/dam/bancoestado-public/campanas-publicas/0-materiales/logos/burger-king-logo-color.png,domingo,40% dto.,10000,2026-11-29,https://www.burgerking.cl/,,https://www.bancoestado.cl/content/bancoestado-public/cl/es/home/home/todosuma---bancoestado-personas/todos-beneficios/burger-king---beneficios-bancoestado.html,"Tarjetas de Débito, Crédito BancoEstado y CuentaRUT",Presencial: en mesón de locales o AutoKing en productos desde $3.000. Vigencia desde el 13 de septiembre hasta el 29 de noviembre de 2026.
BancoEstado,Juan Maestro,,,,,https://www.bancoestado.cl/content/dam/bancoestado-public/todo-suma/campanas/juan-maestro/juan-logo.png,martes,30% dto. por Tótem o App,16000,2026-12-31,https://www.juanmaestro.cl/,,https://www.bancoestado.cl/content/bancoestado-public/cl/es/home/home/todosuma---bancoestado-personas/todos-beneficios/juan-maestro---beneficios-bancoestado.html,"Tarjeta CuentaRUT, Débito o Crédito BancoEstado","Pagando por Tótem o App, con los primeros 6 dígitos de la tarjeta como código promocional. Válido desde 05 de enero hasta el 31 de diciembre del 2026."
BancoEstado,Barrio Chick'en,,,,,https://www.bancoestado.cl/content/dam/bancoestado-public/todo-suma/campanas/barrio-chicken/barrio-logo.png,martes,30% dto. por Tótem o App,16000,2026-12-31,https://www.barriochicken.cl/,,https://www.bancoestado.cl/content/bancoestado-public/cl/es/home/home/todosuma---bancoestado-personas/todos-beneficios/barrio-chicken---beneficios-bancoestado.html,"Tarjeta CuentaRUT, Débito o Crédito BancoEstado","Pagando por Tótem o App, con los primeros 6 dígitos de la tarjeta como código promocional. Válido desde 05 de enero hasta el 31 de diciembre del 2026."
BancoEstado,Doggis,,,,,https://www.bancoestado.cl/content/dam/bancoestado-public/todo-suma/campanas/doggis/doggis-logo.png,martes,30% dto. por Tótem o App,16000,2026-12-31,https://www.doggis.cl/,,https://www.bancoestado.cl/content/bancoestado-public/cl/es/home/home/todosuma---bancoestado-personas/todos-beneficios/doggis---beneficios-bancoestado.html,"Tarjeta CuentaRUT, Débito o Crédito BancoEstado","Pagando por Tótem o App, con los primeros 6 dígitos de la tarjeta como código promocional. Válido desde 05 de enero hasta el 31 de diciembre del 2026."
BancoEstado,Domino's Pizza,,,,,https://www.bancoestado.cl/content/dam/bancoestado-public/campanas-publicas/2025/06-junio/beneficios/logos/logo-dominos2.png,jueves,40% dto.,,2026-12-31,https://www.dominospizza.cl/,,https://www.bancoestado.cl/content/bancoestado-public/cl/es/home/home/todosuma---bancoestado-personas/todos-beneficios/domino-s-pizza---beneficios-bancoestado.html,Tarjetas de Crédito o Débito BancoEstado y BE Pay,"En tiendas, www.dominospizza.cl, App Domino's Pizza Chile o vía telefónica. Desde el 01 de mayo hasta 31 de diciembre de 2026."
BancoEstado,PedidosYa,,,,,https://www.bancoestado.cl/content/dam/bancoestado-public/todo-suma/campanas/pedidos-ya/logo_pedidos_ya.svg,,30% dto. en la App,5000,2026-10-31,,,https://www.bancoestado.cl/content/bancoestado-public/cl/es/home/home/todosuma---bancoestado-personas/todos-beneficios/pedidosya.html,Tarjetas de Débito y Crédito BancoEstado (CuentaRUT solo en PedidosYa Market),"PedidosYa Market y Restaurantes, tope $5.000 y tres usos al mes, con cupón BEPEYAOCT26 (Market) o BEPEYA1026 (restaurantes). Vigencia desde el 01 al 31 de octubre de 2026."
BancoEstado,Papa John's,,,,,https://www.bancoestado.cl/content/dam/bancoestado-public/todo-suma/campanas/papajhons/logo-papajhons.svg,domingo,25% dto. online,,2026-12-27,https://www.papajohns.cl/,,https://www.bancoestado.cl/content/bancoestado-public/cl/es/home/home/todosuma---bancoestado-personas/todos-beneficios/papa-john-s---beneficios-bancoestado.html,Tarjeta de Crédito Mastercard Black BancoEstado,"En papajohns.cl o App Papa Johns, con los primeros 6 dígitos de la Mastercard Black como cupón. Oferta válida hasta el 27 de diciembre de 2026."
