fuente_nombre,nombre,categoria,fecha_inicio,hora_inicio,fecha_termino,lugar,direccion,lat,lon,comuna,precio_min,link_evento
Passline,Internacional Tattoo Masters Fest 2026,,2026-07-02,15:00:00,2026-12-13,Alto San Francisco,San Francisco 75,,,Santiago,7000,https://www.passline.com/eventos/internacional-tattoo-masters-fest-2026
Passline,Julie,teatro,2026-08-19,19:30:00,2026-08-28,Sala 211 - Laboratorio escénico,Santo domingo 711,,,Santiago,2500,https://www.passline.com/eventos/julie
Passline,"OBRA: Si los cerdos no miran al cielo, ¿que hacemos con ellos?",teatro,2026-08-21,20:00:00,2026-08-30,"SALA CLUB DE TEATRO, CHUCRE MANZUR #10",Chucre Manzur #10,,,Providencia,8000,https://www.passline.com/eventos/obra-si-los-cernos-no-miran-al-cielo-que-hacemos-con-ellos
Passline,Elephant / Centro Arte Alameda,,2026-08-25,18:45:00,,Centro Arte Alameda/ Sala Ceina,Arturo Prat 33 (B),,,Santiago,2500,https://www.passline.com/eventos/elephant-centro-arte-alameda
Passline,Volver al futuro / Cine Blondie en Centro Arte Alameda,cine,2026-08-25,20:15:00,,Centro Arte Alameda,Arturo Prat #33,,,Santiago,2500,https://www.passline.com/eventos/volver-al-futuro-cine-blondie-en-centro-arte-alameda
Passline,Cine Blondie: Volver al Futuro,cine,2026-08-25,20:30:00,,CENTRO ARTE ALAMEDA,Arturo Prat 33,,,Santiago,12000,https://www.passline.com/eventos/cine-blondie-volver-al-futuro
Passline,NOA ★ MARTES 25 AGOSTO ★ Club Siete - Piso 4 Hotel W,fiesta,2026-08-25,22:00:00,2026-08-26,Club Siete,Isidora Goyenechea 3000,,,Las Condes,10000,https://www.passline.com/eventos/noa-martes-25-agosto-club-siete-piso-4-hotel-w
Passline,Matapanki / Centro Arte Alameda,,2026-08-26,15:15:00,,Centro Arte Alameda,Arturo Prat #33,,,Santiago,2000,https://www.passline.com/eventos/matapanki-centro-arte-alameda-546342
Passline,El final de la Calle Oak / Centro Arte Alameda,cine,2026-08-26,16:45:00,,Centro Arte Alameda,Arturo Prat #33,,,Santiago,2500,https://www.passline.com/eventos/el-final-de-la-calle-oak-centro-arte-alameda-546334
Passline,Los Tetas Fiesta pregira,musica,2026-08-26,18:00:00,2026-08-27,Vrava Club,Av Presidente Riesco 5330 Local 104,,,Las Condes,30000,https://www.passline.com/eventos/los-tetas-la-despedida
Passline,Cortocircuito: Dirección de Fotografía en Centro Arte Alameda,cine,2026-08-26,18:45:00,,Centro Arte Alameda,Arturo Prat #33,,,Santiago,1000,https://www.passline.com/eventos/cortocircuito-direccion-de-fotografia-en-centro-arte-alameda
Passline,Demian The Rat Probando Quesito En Santiago !!,,2026-08-26,19:00:00,,Palermo Teatro Bar,José Manuel Infante 1414,,,Providencia,13000,https://www.passline.com/eventos/demian-the-rat-probando-quesito-en-santiago
Passline,Julie,teatro,2026-08-26,19:30:00,,Sala 211 - Laboratorio escénico,Santo domingo 711,,,Santiago,1500,https://www.passline.com/eventos/julie-541506
Passline,PANTHALASSA - Prismas de Navegación,arte,2026-08-26,20:00:00,2026-08-27,Centro Cultural Ceina,,,,Santiago,0,https://www.passline.com/eventos/panthalassa-prismas-de-navegacion
Passline,Sergio Freire en Happy People,teatro,2026-08-26,20:00:00,,Teatro Happy People,Rancagua 395,,,Providencia,10000,https://www.passline.com/eventos/sergio-freire-en-happy-people-546068
Passline,Deportes Recoleta vs OHiggins,,2026-08-26,20:30:00,,Estadio Municipal de La Pintana,Cdad. de México 1589,,,La Pintana,3000,https://www.passline.com/eventos/deportes-recoleta-vs-ohiggins
Passline,Teenage Sex and Death at Camp Miasma / Centro Arte Alameda,cine,2026-08-26,20:45:00,,Centro Arte Alameda,Arturo Prat #33,,,Santiago,2500,https://www.passline.com/eventos/teenage-sex-and-death-at-camp-miasma-centro-arte-alameda-546330
Passline,Rodrigo Villegas en Rustiko Huechuraba,teatro,2026-08-26,21:00:00,2026-08-27,Rustiko Huehuraba,Av. Pedro Fontova 7853,,,Huechuraba,20000,https://www.passline.com/eventos/rodrigo-villegas-en-rustiko-huechuraba
Passline,HOT CUE ★ MIÉRCOLES 26 AGOSTO ★ Club Siete - Piso 4 Hotel W,,2026-08-26,22:00:00,2026-08-27,Club Siete,Isidora Goyenechea 3000,,,Las Condes,10000,https://www.passline.com/eventos/hot-cue-miercoles-26-agosto-club-siete-piso-4-hotel-w
Passline,FIESTA ELEVEN BESITO EN LA BARRA EN ILLUMINATI ! SHOW EN VIVO SORPRESA #DIVADELPOP,musica,2026-08-26,23:30:00,2026-08-27,Illuminati,Antonia López de Bello 131,,,Recoleta,8000,https://www.passline.com/eventos/elevenmiercoles
Passline,“26 miércoles,,2026-08-26,23:30:00,2026-08-27,FAUSTO,Avenida Santa María 0832,,,Providencia,6000,https://www.passline.com/eventos/26-miercoles-548668
Passline,Teenage Sex and Death at Camp Miasma / Centro Arte Alameda,,2026-08-27,14:30:00,,Centro Arte Alameda,Arturo Prat #33,,,Santiago,2500,https://www.passline.com/eventos/teenage-sex-and-death-at-camp-miasma-centro-arte-alameda-548638
Passline,Sunset Andes Winter | Ago - 4 Edición,,2026-08-27,15:30:00,,El Colorado Centro de Ski,,,,Lo Barnechea,,https://www.passline.com/eventos/sunset-andes-winter-ago-4-edicion
Passline,La Negociación / Centro Arte Alameda,,2026-08-27,16:30:00,,Centro Arte Alameda / Sala CEINA,Arturo Prat 33b,,,Santiago,2500,https://www.passline.com/eventos/la-negociacion-centro-arte-alameda-548645
Passline,Volare - Experiencia gastronómica,,2026-08-27,19:00:00,,Centro parque,Pdte. Riesco 5330,,,Las Condes,79990,https://www.passline.com/eventos/volare-experiencia-gastronomica-524217
Passline,Sigrid y los Claveles / 27 de Agosto,,2026-08-27,19:00:00,,PICA14 / Paseo Intermodal Catorce,Vicuña Mackenna Oriente 7220,,,La Florida,12000,https://www.passline.com/eventos/sigrid-y-los-claveles-27-de-agosto
Passline,CLASES DE CUECA Y SALSA MÁS CUECAS EN VIVO 27/08,musica,2026-08-27,19:00:00,2026-08-28,BAR VICTORIA,,,,Pedro Aguirre Cerda,0,https://www.passline.com/eventos/clases-de-cueca-y-salsa-mas-cuecas-en-vivo-2708
Passline,CLASIFICATORIO MUNDIAL 2027 ▪︎ CHILE vs USA BASKET,,2026-08-27,19:10:00,,"EDIFICIO DE LOS DEPORTES COLECTIVOS, PARQUE ESTADIO NACIONAL.",,,,&Ntilde;u&ntilde;oa,,https://www.passline.com/eventos/clasificatorio-mundial-2027-chile-vs-usa-basket
Passline,Julie,teatro,2026-08-27,19:30:00,,Sala 211 - Laboratorio escénico,Santo domingo 711,,,Santiago,1500,https://www.passline.com/eventos/julie-541507
Passline,UN SHOW DE COMEDIA CON PEDRO RUMINOT - PAINE,teatro,2026-08-27,20:00:00,,Teatro Municipal de Paine,,,,Paine,,https://www.passline.com/eventos/un-show-de-comedia-con-pedro-ruminot-paine
Passline,ARRUINARSE,teatro,2026-08-27,20:00:00,,Teatro Fiebre,,,,Providencia,10000,https://www.passline.com/eventos/arruinarse
Passline,VOLVER A LA LEY - SESIONES 88 / 90,musica,2026-08-27,20:00:00,,CLUB CHOCOLATE,ERNESTO PINTO LAGARRIGUE #192,,,Recoleta,25000,https://www.passline.com/eventos/volver-a-la-ley-sesiones-88-90
Passline,PANTHALASSA - Prismas de Navegación,arte,2026-08-27,20:00:00,,Centro Cultural Ceina,,,,Santiago,0,https://www.passline.com/eventos/panthalassa-prismas-de-navegacion-533181
Passline,Bombo Fica: 40 años de humor y no me di cuenta,fiesta,2026-08-27,20:00:00,,Auditorio Caja Compensación Los Andres,Padre Alonso de Ovalle #1465,,,Santiago,25000,https://www.passline.com/eventos/bombo-fica-40-anos-de-humor-y-no-me-di-cuenta
Passline,El Circo de Tony Caluga en Puente Alto / Vacaciones de invierno,,2026-08-27,20:00:00,,Puente Alto,Avenida San Carlos 1863,,,Puente Alto,5000,https://www.passline.com/eventos/el-circo-de-tony-caluga-en-puente-alto-vacaciones-de-invierno-542594
Passline,"OBRA: Si los cerdos no miran al cielo, ¿que hacemos con ellos?",teatro,2026-08-27,20:00:00,,"SALA CLUB DE TEATRO, CHUCRE MANZUR #10",Chucre Manzur #10,,,Providencia,8000,https://www.passline.com/eventos/obra-si-los-cernos-no-miran-al-cielo-que-hacemos-con-ellos-542742
Passline,The Doors / Centro Arte Alameda,,2026-08-27,20:00:00,,Centro Arte Alameda,Arturo Prat #33,,,Santiago,2500,https://www.passline.com/eventos/the-doors-centro-arte-alameda-548650
Passline,Doble Vector y Ultrazord en Vivo!,musica,2026-08-27,21:00:00,,Rockstar Karaoke,Bombero Nuñez 343,,,Providencia,3000,https://www.passline.com/eventos/doble-vector-y-ultrazord-en-vivo
Passline,Miss Grand Fashion Show,musica,2026-08-27,21:00:00,,Club Seven,Av Vitacura # 5480,,,Vitacura,15000,https://www.passline.com/eventos/miss-grand-fashion-show
Passline,Yamila Reyna en Mystic Valley,teatro,2026-08-27,22:00:00,2026-08-28,Mystic Valley,Av. La Montaña 1957,,,Lampa,10000,https://www.passline.com/eventos/yamila-reyna-en-mystic-valley
Passline,Darinka González Cabezona Show Free,teatro,2026-08-27,22:00:00,,Distrito 04,,,,San Miguel,0,https://www.passline.com/eventos/darinka-gonzalez-cabezona-show-free
Passline,Rodrigo Salinas en Happy People,teatro,2026-08-27,22:00:00,,Teatro Happy People,Rancagua 395,,,Providencia,7000,https://www.passline.com/eventos/rodrigo-salinas-en-happy-people-546908
Passline,Fonda Wynwood,fiesta,2026-08-27,22:00:00,2026-08-28,Teatro Alicia,Av. Raúl Labbé 14998,,,Lo Barnechea,13000,https://www.passline.com/eventos/fonda-wynwood
Passline,PISO 4 - BY COCKTAIL SESSIONS - CLUB SIETE - JUE 27,fiesta,2026-08-27,22:00:00,2026-08-28,Club Siete,Isidora Goyenechea 3000,,,Las Condes,10000,https://www.passline.com/eventos/piso-4-by-cocktail-sessions-club-siete-jue-27
Passline,"JUEVES LOWKEY EN CLUB LA RUBIA “NOCHE DE GALA” / JUE 27 AGOSTO, 23HRS",fiesta,2026-08-27,23:00:00,2026-08-28,CLUB LA RUBIA,,,,Las Condes,0,https://www.passline.com/eventos/jueves-lowkey-en-club-la-rubia-noche-de-gala-jue-27-agosto-23hrs
Passline,LA FERIA CLUB - JUEVES 27 DE AGOSTO,,2026-08-27,23:00:00,2026-08-28,La Feria,Constitución 275,,,Providencia,17000,https://www.passline.com/eventos/la-feria-club-jueves-27-de-agosto
Passline,EUPHORIA • THE BIRTHDAY QUEENS,,2026-08-27,23:30:00,2026-08-28,Blondie,Avda Liber Bernardo O`Higgins 2879,,,Santiago,3000,https://www.passline.com/eventos/euphoria-the-birthday-queens
Passline,“27 JUEVES,,2026-08-27,23:30:00,2026-08-28,FAUSTO,Avenida Santa María 0832,,,Providencia,6000,https://www.passline.com/eventos/27-jueves-548669
Passline,JUEVES LATINO VS POP 🪩 27 Ago,,2026-08-27,23:30:00,2026-08-28,Illuminati,Antonia López de Bello 131,,,Recoleta,10000,https://www.passline.com/eventos/jueves-latino-vs-pop-27-ago
Passline,La gran fiesta chilena,musica,2026-08-28,09:00:00,2026-08-29,CUCA BUIN,PANAMERICANA SUR KM 28 SAN BERNARDO SALIDA LOS NARAJOS,,,San Bernardo,10000,https://www.passline.com/eventos/la-gran-fiesta-chilena
Passline,La Misteriosa Mirada del Flamenco / Centro Arte Alameda,,2026-08-28,15:00:00,,Centro Arte Alameda,Arturo Prat 33,,,Santiago,2000,https://www.passline.com/eventos/la-misteriosa-mirada-del-flamenco-centro-arte-alameda-548651
Passline,Grey Gardens / Centro Arte Alameda,cine,2026-08-28,17:00:00,,Centro Arte Alameda,Arturo Prat #33,,,Santiago,2000,https://www.passline.com/eventos/grey-gardens-centro-arte-alameda
Passline,El Circo de Tony Caluga en Puente Alto / Vacaciones de invierno,,2026-08-28,18:00:00,,Puente Alto,Avenida San Carlos 1863,,,Puente Alto,5000,https://www.passline.com/eventos/el-circo-de-tony-caluga-en-puente-alto-vacaciones-de-invierno-542566
Passline,FADE OUT*,musica,2026-08-28,19:00:00,2026-08-29,Trilab,Fanor Velasco 55,,,Santiago,5000,https://www.passline.com/eventos/fade-out-539112
Passline,Paranoid Park / Centro Arte Alameda,cine,2026-08-28,19:00:00,,Centro Arte Alameda,Arturo Prat #33,,,Santiago,2500,https://www.passline.com/eventos/paranoid-park-centro-arte-alameda
Passline,Pullman Xchange - El poder de la Resilencia,,2026-08-28,19:00:00,,Pullman Santiago Vitacura,Avenida Vitacura # 3201,,,Vitacura,39900,https://www.passline.com/eventos/pullman-xchange-el-poder-de-la-resilencia
Passline,PUPILAS en Cocina Clandestina,musica,2026-08-28,19:00:00,,Cocina Clandestina,,,,Providencia,0,https://www.passline.com/eventos/pupilas-en-cocina-clandestina
Passline,Concierto Orquesta Toki Rapa Nui,teatro,2026-08-28,19:30:00,,"Teatro Giuseppe Verdi, Scuola Italiana",Avenida Camino Las Flores 12.707,,,Las Condes,10000,https://www.passline.com/eventos/concierto-orquesta-toki-rapa-nui
Passline,Julie,teatro,2026-08-28,19:30:00,,Sala 211 - Laboratorio escénico,Santo domingo 711,,,Santiago,1500,https://www.passline.com/eventos/julie-541508
Passline,PANTHALASSA - Prismas de Navegación,arte,2026-08-28,20:00:00,,Centro Cultural Ceina,,,,Santiago,0,https://www.passline.com/eventos/panthalassa-prismas-de-navegacion-533183
Passline,DESPECHADOS,musica,2026-08-28,20:00:00,2026-08-29,muranos resto bar,san francisco 69,,,Santiago,5000,https://www.passline.com/eventos/despechados
Passline,CAMISETA 22 Y CUECAS CON ANTOLOGÍA CHILENA,musica,2026-08-28,20:00:00,2026-08-29,BAR VICTORIA,Av. Carlos Valdovinos 1951,,,Pedro Aguirre Cerda,15000,https://www.passline.com/eventos/camiseta-22-y-cuecas-con-antologia-chilena
Passline,CLAUDIO VALENZUELA – GIRA ALFIN,musica,2026-08-28,20:00:00,,CLUB AMANDA,EMBAJADOR DOUSSINAGUE #1767,,,Vitacura,22000,https://www.passline.com/eventos/claudio-valenzuela-gira-alfin
Passline,"OBRA: Si los cerdos no miran al cielo, ¿que hacemos con ellos?",teatro,2026-08-28,20:00:00,,"SALA CLUB DE TEATRO, CHUCRE MANZUR #10",Chucre Manzur #10,,,Providencia,8000,https://www.passline.com/eventos/obra-si-los-cernos-no-miran-al-cielo-que-hacemos-con-ellos-542743
Passline,Chile Food&Wine,,2026-08-28,20:00:00,,Hotel Boutique Ladera,,,,Providencia,50000,https://www.passline.com/eventos/chile-foodwine-542907
Passline,LA BAND ON THE EN CONCIERTO,musica,2026-08-28,20:00:00,,Teatro Fiebre,Dardignac 0163,,,Providencia,12000,https://www.passline.com/eventos/la-band-on-the-en-concierto
Passline,Aguanten las cabras Vol.1,,2026-08-28,20:00:00,,Estadio Recoleta,,,,Recoleta,,https://www.passline.com/eventos/aguanten-las-cabras-vol1
Passline,El Reencuentro con Luis Boicot,teatro,2026-08-28,20:00:00,,MD Pizzas,Alameda 2145,,,Santiago,8000,https://www.passline.com/eventos/el-reencuentro-con-luis-boicot
Passline,RANCHO NIGHTS,musica,2026-08-28,20:00:00,2026-08-29,RANCHO X,,,,Las Condes,5990,https://www.passline.com/eventos/rancho-nights
Passline,Aura ★ VIERNES 28 AGOSTO ★,,2026-08-28,20:30:00,2026-08-29,Aura club,,,,Vitacura,0,https://www.passline.com/eventos/aura-viernes-28-agosto
Passline,Metal Allegiance VL 2,musica,2026-08-28,20:30:00,2026-08-29,Bar Oxido,Purisima 282,,,Recoleta,5000,https://www.passline.com/eventos/metal-allegiance-vl-2
Passline,El Circo de Tony Caluga en Puente Alto / Vacaciones de invierno,,2026-08-28,20:30:00,,Puente Alto,Avenida San Carlos 1863,,,Puente Alto,5000,https://www.passline.com/eventos/el-circo-de-tony-caluga-en-puente-alto-vacaciones-de-invierno-542580
Passline,Teenage Sex and Death at Camp Miasma / Centro Arte Alameda,,2026-08-28,20:40:00,,Centro Arte Alameda,Arturo Prat #33,,,Santiago,2500,https://www.passline.com/eventos/teenage-sex-and-death-at-camp-miasma-centro-arte-alameda-548639
Passline,PRÓFUGOS: Peter Blue x Noise Mafia,,2026-08-28,21:00:00,2026-08-29,Complejo Industrial / Estacion Central,Exposición 221,,,Estacion Central,28000,https://www.passline.com/eventos/profugos-peter-blue-x-noise-mafia
Passline,"🔥🎶 ¡ CRIS IBARRA, EL RONQUITO DE LA CUMBIA! 🎶🔥",musica,2026-08-28,21:00:00,2026-08-29,EL CHANCHO CON CHALECO,AVENIDA PAJARITOS 99,,,Maip&uacute;,5000,https://www.passline.com/eventos/cris-ibarra-el-ronquito-de-la-cumbia
Passline,TECHNOBUS - 28 AGOSTO,,2026-08-28,21:30:00,2026-08-29,TECHNOBUS,,,,Santiago,14000,https://www.passline.com/eventos/technobus-28-agosto
Passline,DIA DE LA CHORRILLANA,musica,2026-08-28,21:30:00,2026-08-29,La chimenea,Príncipe de Gales 90,,,Santiago,11900,https://www.passline.com/eventos/dia-de-la-chorrillana
Passline,🍃 INAUGURACIÓN FIESTA LA MONGA 🦍 - “Desata el gorila que llevas dentro” / VIER 28 agost,fiesta,2026-08-28,22:00:00,2026-08-29,Fiesta LA MONGA,Av vicuña Mackenna #1895,,,&Ntilde;u&ntilde;oa,5000,https://www.passline.com/eventos/inauguracion-fiesta-la-monga-desata-el-gorila-que-llevas-dentro-vier-14-agosto-nunoa-santiago
Passline,Joris Voorn presenta TRIP TO GALAXY,musica,2026-08-28,22:00:00,2026-08-29,Parque Titanium,Avenida Costanera Sur 2710-2730,,,Las Condes,40000,https://www.passline.com/eventos/joris-voorn-presenta-trip-to-galaxy
Passline,Amerikan Sound en vivo en Montañita Las Vizcachas,musica,2026-08-28,22:00:00,2026-08-29,Montañita Las Vizcachas,Camino San José de Maipo 06680,,,Puente Alto,10000,https://www.passline.com/eventos/amerikan-sound-en-vivo-en-montanita-las-vizcachas
Passline,Confesiones con La Abu,teatro,2026-08-28,22:00:00,,Donde La Chipi,Diagonal Paraguay 458,,,Santiago,5000,https://www.passline.com/eventos/confesiones-con-la-abu
Passline,Confesiones y Copas,,2026-08-28,22:00:00,,Bar Teatro Fiebre,Dardignac 0165,,,Providencia,5000,https://www.passline.com/eventos/confesiones-y-copas
Passline,SOCIAL W ★ VIERNES 28 AGOSTO ★ Club Siete - Piso 4 Hotel W,fiesta,2026-08-28,22:00:00,2026-08-29,Club Siete,Isidora Goyenechea 3000,,,Las Condes,10000,https://www.passline.com/eventos/social-w-viernes-28-agosto-club-siete-piso-4-hotel-w
Passline,Pank en Happy People,teatro,2026-08-28,22:00:00,,Teatro Happy People,Rancagua 395,,,Providencia,7000,https://www.passline.com/eventos/pank-en-happy-people-546910
Passline,NOVA VIBES || TERRAZA ARRAYÁN || VIERNES 28 AGOSTO,musica,2026-08-28,22:00:00,2026-08-29,Terraza Arrayan,,,,Lo Barnechea,0,https://www.passline.com/eventos/nova-vibes-terraza-arrayan-viernes-28-agosto
Passline,Ustedes ¿Son pareja? – viernes 28 agosto,,2026-08-28,22:00:00,,Happy People - Teatro Bar,,,,Providencia,0,https://www.passline.com/eventos/ustedes-son-pareja-viernes-28-agosto
Passline,R.E.D,musica,2026-08-28,23:00:00,2026-08-29,CLUB CLIMAX,Antonia López de Bello 80,,,Recoleta,5000,https://www.passline.com/eventos/red
Passline,Todo Vale en Tom House - Viernes 28 de Agosto,musica,2026-08-28,23:00:00,2026-08-29,Tom House,Antonia Lopez de Bello 49,,,Providencia,11000,https://www.passline.com/eventos/todovaleviernes
Passline,LA FERIA CLUB - VIERNES 28 DE AGOSTO,,2026-08-28,23:00:00,2026-08-29,La Feria,Constitución 275,,,Providencia,17000,https://www.passline.com/eventos/la-feria-club-viernes-28-de-agosto
Passline,La Cero se viste a la moda,musica,2026-08-28,23:00:00,2026-08-29,Espacio Cero,Euclides 1204,,,San Miguel,6000,https://www.passline.com/eventos/la-cero-se-viste-a-la-moda
Passline,LA ÉLITE - EL REGRESO,musica,2026-08-28,23:00:00,2026-08-29,La Suite Chicureo,,,,Colina,0,https://www.passline.com/eventos/la-elite-el-regreso
Passline,Skins Party - 4 Pistas de Baile*,,2026-08-28,23:30:00,2026-08-29,Blondie,Alameda 2879,,,Alhu&eacute;,9500,https://www.passline.com/eventos/skins-party-4-pistas-de-baile
Passline,“VIERNES 28,,2026-08-28,23:30:00,2026-08-29,FAUSTO,Avenida Santa María 0832,,,Providencia,7000,https://www.passline.com/eventos/viernes-28-548670
Passline,VIERNES SUPER ILLU 💫 28 Ago,,2026-08-28,23:30:00,2026-08-29,Illuminati,Antonia López de Bello 131,,,Recoleta,12000,https://www.passline.com/eventos/viernes-super-illu-28-ago
Passline,Lanzamiento Festival Vista Baker,,2026-08-29,09:00:00,,Kifit - Vitacura,,,,Vitacura,0,https://www.passline.com/eventos/lanzamiento-festival-vista-baker
Passline,3D Printer Party 2026 Dia 1,,2026-08-29,10:00:00,,Omnium,Av. Apoquindo 4900,,,Las Condes,8500,https://www.passline.com/eventos/3d-printer-party-2026-dia-1
Passline,Latin American TAAT World Championship Chile 2026,,2026-08-29,10:00:00,2026-08-30,Aldea Encuentro,Avenida alcalde Fernando Castillo Velasco #9750,,,La Reina,10000,https://www.passline.com/eventos/latin-american-taat-world-championship-chile-2026
Passline,Catao,fiesta,2026-08-29,12:30:00,,Drip Café,av providencia 1053,,,Providencia,9900,https://www.passline.com/eventos/catao
Passline,Meet and Drink La Previa,,2026-08-29,14:00:00,,Hotel Cumbres Lastarria,José Victorino Lastarria 299,,,Santiago,15000,https://www.passline.com/eventos/meet-and-drink-la-previa
Passline,La Invitación / Centro Arte Alameda,,2026-08-29,14:45:00,,Centro Arte Alameda / Sala CEINA,Arturo Prat 33b,,,Santiago,2500,https://www.passline.com/eventos/la-invitacion-centro-arte-alameda-548653
Passline,Párense De Pies 2,,2026-08-29,15:00:00,,cultura boxing,girardi 1560,,,&Ntilde;u&ntilde;oa,2000,https://www.passline.com/eventos/parense-de-pies-2
Passline,Sonora,,2026-08-29,15:00:00,,Taringuita Farellones,Av El Colorado 1284,,,Lo Barnechea,40000,https://www.passline.com/eventos/sonora
Passline,Peña Agrupación Folklórica Paqariy 2026,,2026-08-29,15:30:00,,Colegio Manquecura Ciudad Del Este,Diego Portales #07045,,,Puente Alto,3000,https://www.passline.com/eventos/pena-agrupacion-folklorica-paqariy-2026
Passline,El Circo de Tony Caluga en Puente Alto / Vacaciones de invierno,,2026-08-29,15:30:00,,Puente Alto,Avenida San Carlos 1863,,,Puente Alto,5000,https://www.passline.com/eventos/el-circo-de-tony-caluga-en-puente-alto-vacaciones-de-invierno-542589
Passline,Sky Sunset Winter,musica,2026-08-29,16:00:00,,MIRADOR SKY COSTANERA,,,,Providencia,,https://www.passline.com/eventos/sky-sunset-winter-532274
Passline,"El Principito, Teatro en Factoría Franklin, Especial mes del niño",familia,2026-08-29,16:00:00,,Factoria Franklin,,,,Santiago,5000,https://www.passline.com/eventos/el-principito-teatro-en-factoria-franklin-especial-mes-del-nino-539363
Passline,Michael is back,,2026-08-29,17:00:00,,teatro Palermo Puente Alto,,,,Puente Alto,10000,https://www.passline.com/eventos/michael-is-back
Passline,La Negociación / Centro Arte Alameda,,2026-08-29,17:00:00,,Centro Arte Alameda / Sala CEINA,Arturo Prat 33b,,,Santiago,2500,https://www.passline.com/eventos/la-negociacion-centro-arte-alameda-548646
Passline,Ecos De La Casa - Alex Caniulef,musica,2026-08-29,18:00:00,,Auditorio Sofofa,Av. Andrés Bello 2777,,,Las Condes,10000,https://www.passline.com/eventos/ecos-de-la-casa-alex-caniulef
Passline,Moonchilds tributo a Iron Maiden en Club Hell Bar 🤘🔥,musica,2026-08-29,18:00:00,,Club Hell Bar,Rojas Magallanes 51,,,La Florida,3000,https://www.passline.com/eventos/moonchilds-tributo-a-iron-maiden-en-club-hell-bar
Passline,SANTA FERIA EN MYSTIC,,2026-08-29,18:00:00,2026-08-30,Mystic Valley,Av la montaña 1957,,,Lampa,20000,https://www.passline.com/eventos/santa-feria-en-mystic
Passline,El Circo de Tony Caluga en Puente Alto / Vacaciones de invierno,,2026-08-29,18:00:00,,Puente Alto,Avenida San Carlos 1863,,,Puente Alto,5000,https://www.passline.com/eventos/el-circo-de-tony-caluga-en-puente-alto-vacaciones-de-invierno-542567
Passline,SO LIQUID • FREQUENCIES,musica,2026-08-29,18:00:00,,Centro de Eventos Ora,Irarrázaval #2051 / Metro Ñuñoa,,,&Ntilde;u&ntilde;oa,8000,https://www.passline.com/eventos/so-liquid-frequencies
Passline,1er Encuentro Coral,musica,2026-08-29,18:00:00,,Centro Cultural Teatro Serrano,,,,Melipilla,0,https://www.passline.com/eventos/1er-encuentro-coral-melipilla-canta
Passline,COFRADIAX,,2026-08-29,19:00:00,2026-08-30,Nasty Bar,Av Vitacura 9269,,,Vitacura,10000,https://www.passline.com/eventos/cofradiax
Passline,CHANCES + ELNUEVEONCE + HAMADRYAS,musica,2026-08-29,19:00:00,,Epicentro,Huérfanos 786,,,Santiago,8000,https://www.passline.com/eventos/chances-elnueveonce-hamadryas
Passline,Dont look back / Centro Arte Alameda,cine,2026-08-29,19:00:00,,Centro Arte Alameda,Arturo Prat #33,,,Santiago,2000,https://www.passline.com/eventos/dont-look-back-centro-arte-alameda
Passline,Lemontur,,2026-08-29,19:30:00,2026-08-30,Rock Star,📍 Dónde: Bombero Núñez #343,,,Recoleta,5000,https://www.passline.com/eventos/lemontur
Passline,PANTHALASSA - Prismas de Navegación,arte,2026-08-29,20:00:00,,Centro Cultural Ceina,,,,Santiago,0,https://www.passline.com/eventos/panthalassa-prismas-de-navegacion-533185
Passline,GENESIS EN SANTIAGO DE CHILE,,2026-08-29,20:00:00,2026-08-31,Discoteca La Fama,Av. México 609,,,Recoleta,10000,https://www.passline.com/eventos/genesis-en-santiago-de-chile
Passline,DREAM THEATER EXPERIENCE - NIGHTMARE CINEMA,musica,2026-08-29,20:00:00,,CLUB AMANDA,EMBAJADOR DOUSSINAGUE #1767,,,Vitacura,14000,https://www.passline.com/eventos/dream-theater-experience-nightmare-cinema
Passline,GRUPO KARICIA Y CUECAS CON LOS META Y PONGA,musica,2026-08-29,20:00:00,2026-08-30,BAR VICTORIA,Av. Carlos Valdovinos 1951,,,Pedro Aguirre Cerda,15000,https://www.passline.com/eventos/grupo-karicia-y-cuecas-con-los-meta-y-ponga
Passline,The Legend / El Concierto,musica,2026-08-29,20:00:00,,Carpa Extraordinario Circo,,,,Huechuraba,15000,https://www.passline.com/eventos/the-legend-el-concierto-542695
Passline,"OBRA: Si los cerdos no miran al cielo, ¿que hacemos con ellos?",teatro,2026-08-29,20:00:00,,"SALA CLUB DE TEATRO, CHUCRE MANZUR #10",Chucre Manzur #10,,,Providencia,8000,https://www.passline.com/eventos/obra-si-los-cernos-no-miran-al-cielo-que-hacemos-con-ellos-542744
Passline,Obra El Chileno Agūeboniao,teatro,2026-08-29,20:00:00,,Teatro fiebre,Dardignac 0163,,,Providencia,12990,https://www.passline.com/eventos/obra-el-chileno-ageboniao
Passline,CLUB 30 || SABADO 29 AGOSTO,,2026-08-29,20:00:00,2026-08-30,Bosque Luz,Av. del Parque 420,,,Huechuraba,14000,https://www.passline.com/eventos/club-30-sabado-29-agosto
Passline,"¿Cachái, pana? 🇨🇱🇻🇪 Una chilena y un venezolano intentando entenderse",teatro,2026-08-29,20:00:00,,Happy People,Rancagua 395,,,Providencia,7000,https://www.passline.com/eventos/cachai-pana-una-chilena-y-un-venezolano-intentando-entenderse
Passline,Pank en Happy People,teatro,2026-08-29,20:00:00,,Teatro Happy People,Rancagua 395,,,Providencia,7000,https://www.passline.com/eventos/pank-en-happy-people-546909
Passline,Gran Final Miss Grand Chile 2026,musica,2026-08-29,20:00:00,2026-08-30,Gran Espacio Parque,Walker Martínez # 2295,,,La Florida,39900,https://www.passline.com/eventos/gran-final-miss-grand-chile-2026
Passline,Rock en La Morgue,musica,2026-08-29,20:00:00,,Bar La Morgue,Club Hípico 2940,,,Pedro Aguirre Cerda,3000,https://www.passline.com/eventos/rock-en-la-morgue
Passline,Aura ★ SABADO 29 AGOSTO ★,,2026-08-29,20:30:00,2026-08-30,Aura club,,,,Vitacura,0,https://www.passline.com/eventos/aura-sabado-29-agosto-532210
Passline,Evil Empire V,,2026-08-29,20:30:00,2026-08-30,Bar Oxido,Purisima 282,,,Recoleta,8000,https://www.passline.com/eventos/evil-empire-v
Passline,SURVENTO SONIDO LATINOAMERICANO,musica,2026-08-29,20:30:00,2026-08-30,La chimenea,Príncipe de Gales 90,,,Santiago,9500,https://www.passline.com/eventos/survento-sonido-latinoamericano
Passline,Ponte en mis zapatos - Noche de Teatro DIVINO MAIPO,teatro,2026-08-29,20:30:00,,DIVINO MAIPO,Santelices 865,,,Isla de Maipo,20000,https://www.passline.com/eventos/ponte-en-mis-zapatos-noche-de-teatro-divino-maipo
Passline,El Circo de Tony Caluga en Puente Alto / Vacaciones de invierno,,2026-08-29,20:30:00,,Puente Alto,Avenida San Carlos 1863,,,Puente Alto,5000,https://www.passline.com/eventos/el-circo-de-tony-caluga-en-puente-alto-vacaciones-de-invierno-542581
Passline,Teenage Sex and Death at Camp Miasma / Centro Arte Alameda,,2026-08-29,20:45:00,,Centro Arte Alameda,Arturo Prat #33,,,Santiago,2500,https://www.passline.com/eventos/teenage-sex-and-death-at-camp-miasma-centro-arte-alameda-548642
Passline,PABLO RUIZ EN CONCIERTO - TOUR SIEMPRE JUNTOS,musica,2026-08-29,21:00:00,2026-08-30,Teatro Cariola,San Diego 246,,,Santiago,20000,https://www.passline.com/eventos/pablo-ruiz-en-concierto-tour-siempre-juntos
Passline,OSCAR ANDRADE - COME BACK,,2026-08-29,21:00:00,,CLUB CHOCOLATE,ERNESTO PINTO LAGARRIGUE #192,,,Recoleta,10000,https://www.passline.com/eventos/oscar-andrade-come-back
Passline,CERATI & SODA - BANDA HOMENAJE PLAN C + DJ PATO FERNÁNDEZ,musica,2026-08-29,21:00:00,,CLUB AMANDA,EMBAJADOR DOUSSINAGUE #1767,,,Vitacura,14000,https://www.passline.com/eventos/cerati-soda-banda-homenaje-plan-c-dj-pato-fernandez
Passline,glam metal fest,,2026-08-29,21:00:00,2026-08-30,Sala RBX,Av. Vicuña Mackenna 1220,,,&Ntilde;u&ntilde;oa,5000,https://www.passline.com/eventos/glam-metal-fest
Passline,Noche de Rock - Matías Oviedo y su banda,musica,2026-08-29,21:00:00,2026-08-30,Bar Club Palestino,Av Kennedy 9351,,,Las Condes,15000,https://www.passline.com/eventos/noche-de-rock-matias-oviedo-y-su-banda
Passline,Evilive Tributo Misfits en Bar Clavero 46 Puente Alto,musica,2026-08-29,21:00:00,2026-08-30,Bar Clavero 46,Clavero 46,,,Puente Alto,5000,https://www.passline.com/eventos/evilive-tributo-misfits-en-bar-clavero-46-puente-alto
Passline,Recreo de Reinas,fiesta,2026-08-29,21:00:00,2026-08-30,"Av. Bernardo O’Higgins 2900, Talagante",Av. Bernardo O’Higgins 2900,,,Talagante,10000,https://www.passline.com/eventos/recreo-de-reinas
Passline,La Noche del Roto Chileno Agosto,fiesta,2026-08-29,21:00:00,2026-08-30,Peluquería Francesa,Compañia 2789,,,Santiago,13000,https://www.passline.com/eventos/la-noche-del-roto-chileno-agosto
Passline,🎙️💥¡NOCHES DE COMEDIA EN LA PELUQUERÍA!💈,teatro,2026-08-29,21:00:00,,Peluquería Francesa,Compañía 2789,,,Santiago,8000,https://www.passline.com/eventos/noches-de-comedia-en-la-peluqueria-542049
Passline,JIRAFAS EN KLUB KROSS,musica,2026-08-29,21:30:00,,Kross Bar,,,,Las Condes,7000,https://www.passline.com/eventos/jirafas-en-klub-kross-537679
Passline,TECHNOBUS - 29 AGOSTO,,2026-08-29,21:30:00,2026-08-30,TECHNOBUS,,,,Santiago,14000,https://www.passline.com/eventos/technobus-29-agosto
Passline,AURA EN METRONOMO,fiesta,2026-08-29,22:00:00,2026-08-30,SALA METRONOMO,,,,Recoleta,18000,https://www.passline.com/eventos/aura-en-metronomo
Passline,EL SHOW DE LUIS HACHEM EN SANTIAGO,teatro,2026-08-29,22:00:00,,DISTRITO 04,SAN IGNACIO DE LOYOLA 3199,,,San Miguel,12000,https://www.passline.com/eventos/el-show-de-luis-hachem-en-santiago
Passline,The Project X Volumen 4 | Centro Parque | Sábado 29 Agosto,musica,2026-08-29,22:00:00,2026-08-30,Centro parque,Pdte. Riesco 5330,,,Las Condes,14000,https://www.passline.com/eventos/the-project-x-volumen-4-centro-parque-sabado-29-agosto
Passline,killahz b-day,musica,2026-08-29,22:00:00,2026-08-30,Jammin' Club,antonia lopez de bello 40,,,Providencia,5000,https://www.passline.com/eventos/killahz-bday
Passline,★ KISS & SHOOT presenta: #SoldOUTSeries | Teatro Alicia ★ Sábado 29 Agosto ★,fiesta,2026-08-29,22:00:00,2026-08-30,Teatro Alicia,Av. Raúl Labbé 14998,,,Lo Barnechea,10000,https://www.passline.com/eventos/kiss-shoot-presenta-soldoutseries-teatro-alicia-sabado-29-agosto
Passline,200 - REGGAETÓN CLASSICS - HOTEL W - SÁBADO 29,fiesta,2026-08-29,22:00:00,2026-08-30,Club Siete,Isidora Goyenechea 3000,,,Las Condes,10000,https://www.passline.com/eventos/200-reggaeton-classics-hotel-w-sabado-29
Passline,KISS & SHOOT - TEATRO ALICIA,fiesta,2026-08-29,22:00:00,2026-08-30,Teatro Alicia,Av. Raúl Labbé 14998,,,Lo Barnechea,10000,https://www.passline.com/eventos/kiss-shoot-teatro-alicia-548218
Passline,LETS DANCE GIRLS NIGHT || TERRAZA ARRAYÁN || SÁBADO 29 AGOSTO,fiesta,2026-08-29,22:00:00,2026-08-30,Terraza Arrayan,,,,Lo Barnechea,0,https://www.passline.com/eventos/lets-dance-girls-night-terraza-arrayan-sabado-29-agosto
Passline,MIlano The Jungle,,2026-08-29,22:30:00,2026-08-30,,av manuel castillo 1201 Malloco,,,Isla de Maipo,5000,https://www.passline.com/eventos/milano-the-jungle
Passline,PAAX - LA FERIA CLUB,,2026-08-29,23:00:00,2026-08-30,La Feria,Constitución 275,,,Providencia,25000,https://www.passline.com/eventos/paax-la-feria-club
Passline,TOM HOUSE NEW WAVE · 80’S & 90’S,fiesta,2026-08-29,23:00:00,2026-08-30,.,Antonia López de Bello 49,,,Recoleta,10000,https://www.passline.com/eventos/tom-house-new-wave-80s-90s
Passline,Goes To The Disco - 4 Pistas de Baile:_,,2026-08-29,23:30:00,2026-08-30,Blondie,alameda 2879 local 104,,,Santiago,10000,https://www.passline.com/eventos/goes-to-the-disco-4-pistas-de-baile_
Passline,FIESTA: TA VIVO MALUCO CON LO MEJOR DEL AXÉ,musica,2026-08-29,23:30:00,2026-08-30,Porto Alegre Restaurant,Camino a melipilla km 26,,,Pe&ntilde;aflor,10000,https://www.passline.com/eventos/fiesta-ta-vivo-maluco-con-lo-mejor-del-axe
Passline,Mega Eleven + Perreito en Safari - Sabado 29 Agosto !,musica,2026-08-29,23:30:00,2026-08-30,Safari Club,Ernesto Pinto Lagarrigue 123,,,Recoleta,10000,https://www.passline.com/eventos/mega-eleven-perreito-en-safari-sabado-29-agosto
Passline,“29 SÁBADO,,2026-08-29,23:30:00,2026-08-30,FAUSTO,Avenida Santa María 0832,,,Providencia,7000,https://www.passline.com/eventos/29-sabado-548671
Passline,Shoxx vol2,musica,2026-08-30,03:00:00,,Sala RBX,Av. Vicuña Mackenna 1220,,,&Ntilde;u&ntilde;oa,7000,https://www.passline.com/eventos/shoxx-vol2
Passline,3D Printer Party 2026 - Puesto Maker,,2026-08-30,09:30:00,,Omnium,Av. Apoquindo 4900,,,Las Condes,40000,https://www.passline.com/eventos/3d-printer-party-2026-puesto-maker-514301
Passline,3D Printer Party Chile 2026 | Abono 2 Días,,2026-08-30,10:00:00,,Omnium,Av. Apoquindo 4900,,,Las Condes,11500,https://www.passline.com/eventos/3d-printer-party-chile-2026-abono-2-dias-512408
Passline,3D Printer Party 2026 Dia 2,,2026-08-30,10:00:00,,Omnium,Av. Apoquindo 4900,,,Las Condes,7000,https://www.passline.com/eventos/3d-printer-party-2026-dia-2
Passline,Elencos CEINA en Concierto,musica,2026-08-30,12:00:00,,Centro Cultural Ceina,,,,Santiago,0,https://www.passline.com/eventos/elencos-ceina-en-concierto
Passline,Santiago Morning vs Provincial Ovalle,,2026-08-30,15:00:00,,Estadio Municipal de La Pintana,Avenida Ciudad de México n°1589,,,La Pintana,3000,https://www.passline.com/eventos/santiago-morning-vs-provincial-ovalle
Passline,Matapanki / Centro Arte Alameda,,2026-08-30,15:15:00,,Centro Arte Alameda,Arturo Prat #33,,,Santiago,2000,https://www.passline.com/eventos/matapanki-centro-arte-alameda-548655
Passline,El Circo de Tony Caluga en Puente Alto / Vacaciones de invierno,,2026-08-30,15:30:00,,Puente Alto,Avenida San Carlos 1863,,,Puente Alto,5000,https://www.passline.com/eventos/el-circo-de-tony-caluga-en-puente-alto-vacaciones-de-invierno-542590
Passline,"El Principito, Teatro en Factoría Franklin, Especial mes del niño",familia,2026-08-30,16:00:00,,Factoria Franklin,,,,Santiago,5000,https://www.passline.com/eventos/el-principito-teatro-en-factoria-franklin-especial-mes-del-nino-539364
Passline,TOM HOUSE • CLUB FIST • 3ª EDICIÓN,fiesta,2026-08-30,17:00:00,,.,Antonia López de Bello 49,,,Recoleta,15000,https://www.passline.com/eventos/tom-house-club-fist-3-edicion
Passline,Los Domingos / Centro Arte Alameda,cine,2026-08-30,17:00:00,,Centro Arte Alameda / Sala CEINA,Arturo Prat 33b,,,Santiago,2500,https://www.passline.com/eventos/los-domingos-centro-arte-alameda
Passline,FLOR DE RAP Y SUS GRANDES EXITOS,,2026-08-30,18:00:00,,DISTRITO 04,San Ignacio Loyola 3199,,,San Miguel,5000,https://www.passline.com/eventos/flor-de-rap-y-sus-grandes-exitos
Passline,El Circo de Tony Caluga en Puente Alto / Vacaciones de invierno,,2026-08-30,18:00:00,,Puente Alto,Avenida San Carlos 1863,,,Puente Alto,5000,https://www.passline.com/eventos/el-circo-de-tony-caluga-en-puente-alto-vacaciones-de-invierno-542568
Passline,La Misteriosa Mirada del Flamenco / Centro Arte Alameda,,2026-08-30,19:00:00,,Centro Arte Alameda,Arturo Prat 33,,,Santiago,2000,https://www.passline.com/eventos/la-misteriosa-mirada-del-flamenco-centro-arte-alameda-548652
Passline,FINAL “AMIGAS & RIVALES “ 20 AÑOS,teatro,2026-08-30,20:00:00,,TEATRO CARIOLA,,,,Santiago,,https://www.passline.com/eventos/final-amigas-rivales-20-anos
Passline,ARRUINARSE,teatro,2026-08-30,20:00:00,,Teatro Fiebre,,,,Providencia,10000,https://www.passline.com/eventos/arruinarse-530711
Passline,"OBRA: Si los cerdos no miran al cielo, ¿que hacemos con ellos?",teatro,2026-08-30,20:00:00,,"SALA CLUB DE TEATRO, CHUCRE MANZUR #10",Chucre Manzur #10,,,Providencia,8000,https://www.passline.com/eventos/obra-si-los-cernos-no-miran-al-cielo-que-hacemos-con-ellos-542745
Passline,El Circo de Tony Caluga en Puente Alto / Vacaciones de invierno,,2026-08-30,20:30:00,,Puente Alto,Avenida San Carlos 1863,,,Puente Alto,5000,https://www.passline.com/eventos/el-circo-de-tony-caluga-en-puente-alto-vacaciones-de-invierno-542582
Passline,11° ANIVERSARIO FLAIRMACHINE,fiesta,2026-08-30,21:00:00,2026-08-31,Club Siete,Isidora Goyenechea 3000,,,Las Condes,3000,https://www.passline.com/eventos/11-aniversario-flairmachine
Passline,“30 DOMINGO,,2026-08-30,23:30:00,2026-08-31,FAUSTO,Avenida Santa María 0832,,,Providencia,6000,https://www.passline.com/eventos/30-domingo-548673
Passline,Obsesión / Centro Arte Alameda,,2026-08-31,14:30:00,,Centro Arte Alameda,Arturo Prat #33,,,Santiago,2500,https://www.passline.com/eventos/obsesion-centro-arte-alameda-548658
Passline,Teenage Sex and Death at Camp Miasma / Centro Arte Alameda,,2026-08-31,16:45:00,,Centro Arte Alameda,Arturo Prat #33,,,Santiago,2500,https://www.passline.com/eventos/teenage-sex-and-death-at-camp-miasma-centro-arte-alameda-548643
Passline,Matapanki / Centro Arte Alameda,,2026-08-31,19:00:00,,Centro Arte Alameda,Arturo Prat #33,,,Santiago,2000,https://www.passline.com/eventos/matapanki-centro-arte-alameda-548656
Passline,Backrooms Extended / Centro Arte Alameda,,2026-08-31,20:30:00,,Centro Arte Alameda,Arturo Prat #33,,,Santiago,2500,https://www.passline.com/eventos/backrooms-extended-centro-arte-alameda-548660
Passline,Workshop Velas de Soya en Las Condes Design,,2026-09-01,11:00:00,,Las Condes Design,,,,Las Condes,15000,https://www.passline.com/eventos/workshop-velas-de-soya-en-las-condes-design
Passline,Teenage Sex and Death at Camp Miasma / Centro Arte Alameda,,2026-09-01,14:30:00,,Centro Arte Alameda,Arturo Prat #33,,,Santiago,2500,https://www.passline.com/eventos/teenage-sex-and-death-at-camp-miasma-centro-arte-alameda-548644
Passline,La Invitación / Centro Arte Alameda,,2026-09-01,16:30:00,,Centro Arte Alameda / Sala CEINA,Arturo Prat 33b,,,Santiago,2500,https://www.passline.com/eventos/la-invitacion-centro-arte-alameda-548654
Passline,POL PABLO | UP10 UNPLUGGED | V R A V A,musica,2026-09-01,20:00:00,2026-09-02,Centro parque,Pdte. Riesco 5330,,,Las Condes,5000,https://www.passline.com/eventos/pol-pablo-up10-unplugged-v-r-a-v-a
Passline,La Negociación / Centro Arte Alameda,,2026-09-01,21:00:00,,Centro Arte Alameda / Sala CEINA,Arturo Prat 33b,,,Santiago,2500,https://www.passline.com/eventos/la-negociacion-centro-arte-alameda-548647
Passline,JapoñolKai Santiago,arte,2026-09-02,19:00:00,,Bar el Bosque,,,,Providencia,0,https://www.passline.com/eventos/japonolkai-santiago
Passline,LA TRANSA PRESENTA: LANZAMIENTO NUEVO SINGLE - CAMINO AL NUEVO DISCO,musica,2026-09-02,19:30:00,,Teatro fiebre,Dardignac 0163,,,Providencia,5000,https://www.passline.com/eventos/la-transa-presenta-lanzamiento-nuevo-single-camino-al-nuevo-disco
Passline,Un Son Para Chile - Música que trasciende,musica,2026-09-02,20:00:00,,Centro Cultural Ceina,,,,Santiago,7000,https://www.passline.com/eventos/un-son-para-chile
Passline,Castillo Ilabaca en Centro Arte Alameda,musica,2026-09-02,20:00:00,,CENTRO ARTE ALAMEDA,Arturo Prat 33,,,Santiago,15000,https://www.passline.com/eventos/castillo-ilabaca-en-centro-arte-alameda
Passline,Para vivir. El implacable tiempo de Pablo Milanés / Centro Arte Alameda,cine,2026-09-03,18:45:00,,Centro Arte Alameda,Arturo Prat #33,,,Santiago,2500,https://www.passline.com/eventos/para-vivir-el-implacable-tiempo-de-pablo-milanes-centro-arte-alameda
Passline,El Show de Soy Kleiii,,2026-09-03,19:00:00,,Centro Cultural Ceina,,,,Santiago,,https://www.passline.com/eventos/el-show-de-soy-kleiii
Passline,LUNA EN LESBOS EDICIÓN ESPECIAL +38 a 50 años.,,2026-09-03,19:00:00,,Cabaret Piraña,Bombero ñuñez 365,,,Recoleta,10000,https://www.passline.com/eventos/luna-en-lesbos-edicion-especial-38-a-50-anos
Passline,Rock Nacional 2,musica,2026-09-03,19:00:00,,Sala RBX,Av. Vicuña Mackenna 1220,,,&Ntilde;u&ntilde;oa,7000,https://www.passline.com/eventos/rock-nacional-2
Passline,"Melancolía - Trepidar, Buen dia Abril y Autodefensa en vivo",musica,2026-09-03,19:30:00,,Bar Estudio Oculto,,,,&Ntilde;u&ntilde;oa,0,https://www.passline.com/eventos/melancolia-trepidar-buen-dia-abril-y-autodefensa-en-vivo
Passline,Lanzamiento The Orbitals,musica,2026-09-03,20:00:00,,Kross Bar Laguna Mall Sport,Av. Las Condes 13451,,,Las Condes,9000,https://www.passline.com/eventos/lanzamiento-the-orbitals
Passline,CASAPARLANTE: FiestaParlante!,fiesta,2026-09-03,20:00:00,2026-09-04,Alto San Francisco,San Francisco 75,,,Santiago,35000,https://www.passline.com/eventos/casaparlante-fiestaparlante
Passline,BIENVENIDO SEPTIEMBRE JUNTO A LOS TRICOLORES,,2026-09-03,20:00:00,2026-09-04,BAR VICTORIA,Av. Carlos Valdovinos 1951,,,Pedro Aguirre Cerda,5000,https://www.passline.com/eventos/bienvenido-septiembre-junto-a-los-tricolores
Passline,ENTRE COMEDIA - Un Show Extravagante,teatro,2026-09-03,20:00:00,,Casa Irarrazaval,Av. Irarrázaval 3344 / Ñuñoa,,,&Ntilde;u&ntilde;oa,3000,https://www.passline.com/eventos/entre-comedia-un-show-extravagante
Passline,COLDPLAY • TRIBUTO UNIVERSE,musica,2026-09-03,20:00:00,,CLUB AMANDA,EMBAJADOR DOUSSINAGUE #1767,,,Vitacura,10000,https://www.passline.com/eventos/coldplay-tributo-universe-545142
Passline,Héctor Pavez en Cafetería Popular 2,musica,2026-09-03,20:00:00,,Cafetería Popular,Maipu 363,,,Santiago,7000,https://www.passline.com/eventos/hector-pavez-en-cafeteria-popular-2
Passline,HieloNegro & Sinasilo en Mibar El lado oscuro del Rock,musica,2026-09-03,21:00:00,2026-09-04,Mibar,Sta Isabel #350,,,Providencia,7000,https://www.passline.com/eventos/hielonegro-sinasilo-en-mibar-el-lado-oscuro-delnrick
Passline,Inti Illimani en tu Barrio - Fiebre Bar,musica,2026-09-03,21:00:00,,Bar Teatro Fiebre,Dardignac 0165,,,Providencia,25000,https://www.passline.com/eventos/inti-illimani-en-tu-barrio-fiebre-bar
Passline,Neociclo Redroom XXI,musica,2026-09-03,21:30:00,,House of rock and blues,República de Israel 960,,,&Ntilde;u&ntilde;oa,5000,https://www.passline.com/eventos/neociclo-redroom-xx
Passline,Volver a La Ley - Sesiones 88/90 en Ruta 78,familia,2026-09-03,22:00:00,,BAR RUTA 78,Independencia 043,,,Puente Alto,20000,https://www.passline.com/eventos/volver-a-la-ley-sesiones-8890-en-ruta-78
Passline,🇨🇱 PRE FIESTAS PATRIAS 🇨🇱 - JUEVES 3 SEP - TEATRO ALICIA 🌴- KINKI X NYX 💥,fiesta,2026-09-03,22:00:00,2026-09-04,Teatro Alicia,,,,Lo Barnechea,0,https://www.passline.com/eventos/pre-fiestas-patrias-jueves-3-sep-teatro-alicia-kinki-x-nyx
Passline,CHEFAYISSI & KAROLECAROS: en un Sailor Stand Up,teatro,2026-09-03,22:00:00,,Teatro&Bar Happy People,Rancagua 395,,,Providencia,4000,https://www.passline.com/eventos/chefayissi-karolecaros-en-un-sailor-stand-up
Passline,🇨🇱 PRE FIESTAS PATRIAS 🇨🇱 - TEATRO ALICIA / KINKI / NYX,fiesta,2026-09-03,22:00:00,2026-09-04,Teatro Alicia,Av. Raúl Labbé 14998,,,Lo Barnechea,12000,https://www.passline.com/eventos/pre-fiestas-patrias-teatro-alicia-kinki-nyx
Passline,SAD RAVE 020 • BRUTALISMUS 3000 EDIT,musica,2026-09-03,23:30:00,2026-09-04,Blondie,Avda Liber Bernardo O`Higgins 2879,,,Santiago,3000,https://www.passline.com/eventos/sad-rave-020-brutalismus-3000-edit
Passline,Leyendas - Viernes 4 Septiembre - Surreal,,2026-09-04,20:30:00,2026-09-05,SURREAL,San Enrique 14951,,,Lo Barnechea,12000,https://www.passline.com/eventos/leyendas-viernes-4-septiembre-surreal
Passline,"Violeta, Retazos de una Parra - Cía Pajaro Azul",arte,2026-09-04,17:00:00,,Centro Cultural Ceina,,,,Santiago,,https://www.passline.com/eventos/violeta-retazos-de-una-parra-cia-pajaro-azul
Passline,"Mal Gusto, Stand Up Comedy",teatro,2026-09-04,19:00:00,,Palermo Teatro Bar,José Manuel Infante 1414,,,Providencia,22000,https://www.passline.com/eventos/mal-gusto-stand-up-comedy
Passline,POLY DÍAZ | Stand Up Comedy - 1ra Función 04/08,teatro,2026-09-04,19:30:00,,CLUB SAN MIGUEL,,,,San Miguel,23000,https://www.passline.com/eventos/poly-diaz-stand-up-comedy-1ra-funcion-0408-538656
Passline,Alicia en el Circo de las Maravillas,familia,2026-09-04,19:30:00,,Carpa Extraordinario Circo,,,,La Florida,8000,https://www.passline.com/eventos/alicia-en-el-circo-de-las-maravillas-546201
Passline,ES HORA DE HABLAR,,2026-09-04,20:00:00,,Teatro fiebre,,,,Providencia,,https://www.passline.com/eventos/es-hora-de-hablar
Passline,Las Tinajas Live Fest aniversario 2026,musica,2026-09-04,20:00:00,2026-09-05,Restaurant Las Tinajas,Gabriela 03125,,,La Pintana,10000,https://www.passline.com/eventos/las-tinajas-live-fest-aniversario-2026
Passline,TRIBUTO OASIS EN RBX,musica,2026-09-04,20:00:00,,Sala RBX,Av. Vicuña Mackenna 1220,,,&Ntilde;u&ntilde;oa,8000,https://www.passline.com/eventos/tributo-oasis-en-rbx
Passline,Tocata Jamás - La Octava Dimensión - Wastarantino (Show de stand-up),musica,2026-09-04,20:00:00,,La Juguera,Rogelio Ugarte 1162,,,Santiago,5000,https://www.passline.com/eventos/tocata-jamas-la-octava-dimension-wastarantino-show-de-standup
Passline,Rockout Aniversario,,2026-09-04,20:30:00,2026-09-05,Bar Oxido,Purisima 282,,,Recoleta,7000,https://www.passline.com/eventos/rockout-aniversario
Passline,Aura ★ VIERNES 04 SEPTIEMBRE ★,,2026-09-04,20:30:00,2026-09-05,Aura club,,,,Vitacura,0,https://www.passline.com/eventos/aura-viernes-04-septiembre
Passline,PAUL GILBERT WROC,,2026-09-04,21:00:00,,Teatro Cariola,San Diego 246,,,Santiago,45000,https://www.passline.com/eventos/paul-gilbert-wroc
Passline,Brain Damage - Tributo a PinkFloyd en La Florida,musica,2026-09-04,21:00:00,,Parque La Araucana,,,,La Florida,12000,https://www.passline.com/eventos/brain-damage-tributo-a-pinkfloyd-en-la-florida
Passline,A.N.I.M.A.L. EN METRÓNOMO,musica,2026-09-04,21:00:00,,SALA METRONOMO,Ernesto Pinto Lagarrigue 179,,,Recoleta,25000,https://www.passline.com/eventos/animal-en-metronomo
Passline,BOWIE THE LEGEND BY STARMAN,musica,2026-09-04,21:00:00,,CLUB AMANDA,EMBAJADOR DOUSSINAGUE #1767,,,Vitacura,10000,https://www.passline.com/eventos/bowie-the-legend-by-starman
Passline,Release Party,,2026-09-04,21:00:00,,CLUB GORDOS,,,,Providencia,0,https://www.passline.com/eventos/release-party-focus
Passline,💃🌙 ¡NOCHE MÁGICA DE SALSA Y CUMBIA! 🕺🔥,musica,2026-09-04,21:00:00,2026-09-05,EL CHANCHO CON CHALECO,AVENIDA PAJARITOS 99,,,Maip&uacute;,5000,https://www.passline.com/eventos/noche-magica-de-salsa-y-cumbia
Passline,"Mamacita El Cartel 💵 en Basel, Vie. 04 Septiembre",,2026-09-04,21:30:00,2026-09-05,"Basel, Mall Independencia",,,,Independencia,0,https://www.passline.com/eventos/mamacita-el-cartel-en-basel-vie-04-septiembre
Passline,ES HORA DE HABLAR | 2da. Función,,2026-09-04,22:00:00,,Teatro fiebre,Dardignac 0163,,,Providencia,25000,https://www.passline.com/eventos/es-hora-de-hablar-2da-funcion
Passline,"Feucen & la monga presentan: PERGOLAZO 2026 🎉, La FIESTA DE LA CENTRAL 👨‍🎓 - Vier 04 sept",fiesta,2026-09-04,22:00:00,2026-09-05,Fiesta LA MONGA,Av vicuña mackenna #1895,,,&Ntilde;u&ntilde;oa,3000,https://www.passline.com/eventos/feucen-la-monga-presentan-pergolazo-2026-la-fiesta-de-la-central-vier-04-septiembre-av-vicuna-mackenna-1895
Passline,Fiesta Montañita de los 90s&2000 con DJ Pelo Verde,musica,2026-09-04,22:00:00,2026-09-05,Montañita Las Vizcachas,Camino San José de Maipo 06680,,,La Florida,7000,https://www.passline.com/eventos/fiesta-montanita-de-los-90s2000-con-dj-pelo-verde
Passline,FIESTA FOTOLOG X MAISON DEL BELLAQUEO,fiesta,2026-09-04,22:00:00,2026-09-05,Maison del bellaqueo,,,,San Bernardo,10000,https://www.passline.com/eventos/fiesta-fotolog-x-maison-del-bellaqueo
Passline,🏳️‍🌈​ FONDA MARICUECA 🇨🇱 - VIERNES 4 DE SEPTIEMBRE - TEATRO ALICIA 🌴,fiesta,2026-09-04,22:00:00,2026-09-05,Teatro Alicia,,,,Lo Barnechea,0,https://www.passline.com/eventos/fonda-maricueca-jueves-27-agosto-teatro-alicia-18
Passline,Noche de Jazz en Fiebre Bar,musica,2026-09-04,22:00:00,2026-09-05,Teatro fiebre,Dardignac 0163,,,Providencia,6000,https://www.passline.com/eventos/noche-de-jazz-en-fiebre-bar
Passline,Under Sound,,2026-09-04,23:00:00,2026-09-05,Sala RBX,Av. Vicuña Mackenna 1220,,,&Ntilde;u&ntilde;oa,8000,https://www.passline.com/eventos/under-sound
Passline,WOOF - HOT 2016,fiesta,2026-09-04,23:00:00,2026-09-05,Tom House,Antonia Lopez de Bello 49,,,Santiago,8000,https://www.passline.com/eventos/woof-hot-2016
Passline,ESPHERA PRESENTA BLEX AR,,2026-09-04,23:00:00,2026-09-05,La Feria,Constitución 275,,,Providencia,15000,https://www.passline.com/eventos/esphera-presenta-blex-ar
Passline,Trainspotting 30 años - 4 Pistas de baile,fiesta,2026-09-04,23:30:00,2026-09-05,Blondie,Alameda 2879,,,Santiago,10000,https://www.passline.com/eventos/trainspotting-30-anos-4-pistas-de-baile
Passline,LOWERED CLASS by StrictlyLowered 🌐,,2026-09-05,10:00:00,,Cancha club deportivo noviciado,,,,Pudahuel,3000,https://www.passline.com/eventos/lowered-class-by-strictlylowered
Passline,Certificación en felicidad de Tal Ben Shahar,,2026-09-05,11:00:00,,Hotel Le Meridien,,,,Santiago,540000,https://www.passline.com/eventos/certificacion-en-felicidad-de-tal-ben-shahar
Passline,Estacionamiento Fiebre de Cumbia la Fonda,,2026-09-05,11:00:00,,Club Hipico,,,,Santiago,15000,https://www.passline.com/eventos/estacionamiento-fiebre-de-cumbia-la-fonda
Passline,⚔️🔥 RAGNAROK FEST – ¡EL TRUENO DEL ROCK LLEGA A LA REINA! 🎸⚡🍺,,2026-09-05,11:00:00,,Aldea Encuentro,Avenida alcalde Fernando Castillo Velasco #9750,,,La Reina,3850,https://www.passline.com/eventos/ragnarok-fest-el-trueno-del-rock-llega-a-la-reina
Passline,MEDIEVAL PARTY & VELADAA - PALACIO ASTORECA,,2026-09-05,12:00:00,,PALACIO ASTORECA,Dieciocho #121 Santiago Centro,,,Santiago,5000,https://www.passline.com/eventos/medieval-party-veladaa-palacio-astoreca
Passline,Fiebre de Cumbia la Fonda.,,2026-09-05,13:00:00,,Club Hipico,,,,Santiago,30000,https://www.passline.com/eventos/fiebre-de-cumbia-la-fonda-532553
Passline,🍷 Feria Día Nacional del Vino D-COPAS | Patio Bellavista,,2026-09-05,13:00:00,,"Patio Bellavista en Providencia, Santiago",Constitución 30-70,,,Providencia,15000,https://www.passline.com/eventos/feria-dia-nacional-del-vino-dcopas-patio-bellavista
Passline,RAMONES DAY CHILE N3 2026,musica,2026-09-05,13:00:00,,HONESTO MIKE VITACURA,,,,Vitacura,0,https://www.passline.com/eventos/ramones-day-chile-n3-2026
Passline,1 COMPETENCIA INTERNA DE LEVANTE DIVISION BOX,,2026-09-05,13:30:00,,🏋️ Gimnasio Division Box,Carmen Mena 745,,,San Miguel,5000,https://www.passline.com/eventos/1-competencia-interna-de-levante-division-box
Passline,Fiebre de Cumbia la Fonda,,2026-09-05,14:00:00,,Club Hipico,,,,Santiago,30000,https://www.passline.com/eventos/fiebre-de-cumbia-la-fonda
Passline,Sonora Sunset IV,,2026-09-05,14:00:00,,Taringuita Farellones,Av el colorado 1284,,,Lo Barnechea,40000,https://www.passline.com/eventos/sonora-sunset-iv
Centro de Estudios Públicos (CEP),Crecer en campamentos: El drama de un doble vínculo,charla,2026-08-25,12:00:00,,Auditorio CEP,Monseñor Sótero Sanz 162,,,Providencia,,https://www.cepchile.cl/eventos/crecer-en-campamentos-el-drama-de-un-doble-vinculo/
Centro de Estudios Públicos (CEP),Más allá de las utilidades: cómo evaluar a las empresas públicas,charla,2026-08-27,18:30:00,,Auditorio CEP,Monseñor Sótero Sanz 162,,,Providencia,,https://www.cepchile.cl/eventos/mas-alla-de-las-utilidades-como-evaluar-a-las-empresas-publicas/
Centro de Estudios Públicos (CEP),Ciclo de cine: 250 años de la independencia de Estados Unidos | Lincoln (2012),cine,2026-08-31,18:00:00,,Auditorio CEP,Monseñor Sótero Sanz 162,,,Providencia,,https://www.cepchile.cl/eventos/ciclo-de-cine-250-anos-de-la-independencia-de-estados-unidos-lincoln-2012/
Centro de Estudios Públicos (CEP),Magallanes V: concierto audiovisual,musica,2026-09-03,18:00:00,,Auditorio CEP,Monseñor Sótero Sanz 162,,,Providencia,,https://www.cepchile.cl/eventos/magallanes-v-concierto-audiovisual/
Municipalidad de Recoleta,"Masterclass: Mujeres, cooperación y nuevas formas de emprender",charla,2026-08-25,10:00:00,,Sala Multiuso Biblioteca Pedro Lemebel,Inocencia 2505,,,Recoleta,,https://www.recoleta.cl/masterclass-mujeres-de-recoleta-podran-conocer-nuevas-formas-de-emprender-y-fortalecer-sus-negocios-a-traves-del-cooperativismo/
